Mileage,Engine,Kerb Weight,Fuel,Transmission Type,Power,No. of Cylinders,Registration Year
18.9 kmpl,1197 cc,935 kg,Petrol,Manual,82 bhp,4.0,2015
19.81 kmpl,1086 cc,860 kg,Petrol,Manual,68.05 bhp,4.0,Apr 2015
15.6 kmpl,1196 cc,1090 kg,Petrol,Manual,70 bhp,4.0,Dec 2019
18.9 kmpl,1197 cc,1060 kg,Petrol,Manual,81.86 bhp,4.0,Jul 2017
25.44 kmpl,936 cc,1025 kg,Diesel,Manual,56.3 bhp,3.0,2015
19.81 kmpl,1086 cc,860 kg,Petrol,Manual,68.05 bhp,4.0,Nov 2017
18.9 kmpl,1197 cc,1060 kg,Petrol,Manual,81.86 bhp,4.0,Feb 2018
18.9 kmpl,1197 cc,1120 kg,Petrol,Manual,81.86 bhp,4.0,Mar 2017
17.1 kmpl,1956 cc,1562 s kg,None,Manual,170 bhp,4.0,2018
17.1 kmpl,1956 cc,1562 s kg,None,Manual,170 bhp,4.0,2017
16.11 kmpl,1196 cc,940 kg,Petrol,Manual,72.41 bhp,4.0,2021
21.4 kmpl,1197 cc,870 kg,Petrol,Manual,83.1 bhp,4.0,2017
21 kmpl,1197 cc,1120 kg,Petrol,Manual,81.80 bhp,4.0,2020
21.01 kmpl,1197 cc,865-890 kg,Petrol,Manual,81.80 bhp,4.0,2019
15.37 kmpl,1196 cc,928 kg,Petrol,Manual,73 bhp,4.0,2019
21.94 km/kg,1196 cc,1050 kg,CNG,Manual,61.7 bhp,4.0,2017
17.2 kmpl,2523 cc,1620 kg,Diesel,Manual,65.03 bhp,4.0,2022
18.9 kmpl,1197 cc,1100 kg,Petrol,Manual,81.86 bhp,4.0,Aug 2018
18.9 kmpl,1197 cc,1120 kg,Petrol,Manual,81.86 bhp,4.0,Mar 2017
18.9 kmpl,1197 cc,1100 kg,Petrol,Manual,81.86 bhp,4.0,Nov 2014
17 kmpl,1497 cc,1100 kg,Petrol,Manual,None,4.0,2010
None,None,1120 kg,Petrol,Manual,None,4.0,May 2018
18.9 kmpl,1197 cc,1100 kg,Petrol,Manual,81.86 bhp,4.0,Apr 2016
18.9 kmpl,1197 cc,935 kg,Petrol,Manual,82 bhp,4.0,Sept 2016
30.46 km/kg,796 cc,720 kg,CNG,Manual,47.3 bhp,3.0,2014
18.9 kmpl,1197 cc,935 kg,Petrol,Manual,82 bhp,4.0,Mar 2016
21.63 kmpl,998 cc,835s kg,Petrol,Manual,67 bhp,3.0,Feb 2019
18.9 kmpl,1197 cc,1120 kg,Petrol,Manual,81.86 bhp,4.0,Apr 2019
16.38 kmpl,1995 cc,1617 kg,None,Automatic,182.46 bhp,4.0,2019
19.81 kmpl,1086 cc,860 kg,Petrol,Manual,68.05 bhp,4.0,Nov 2016
18.9 kmpl,1197 cc,1100 kg,Petrol,Manual,81.86 bhp,4.0,Jul 2016
18.72 kmpl,1498 cc,1258 kg,Petrol,Manual,147.52 bhp,4.0,Sept 2022
None,None,None,None,Automatic,73.75 bhp,None,2023
19.47 kmpl,999 cc,1160-1215 kg,Petrol,Manual,113.98 bhp,3.0,Feb 2023
19 kmpl,1197 cc,970 kg,Petrol,Manual,85.8 bhp,4.0,Jun 2018
18.9 kmpl,1197 cc,1060 kg,Petrol,Manual,81.86 bhp,4.0,Oct 2015
None,None,1316 kg,None,Automatic,56.21 bhp,None,2023
14.2 kmpl,2198 cc,2238 kg,Diesel,Automatic,158.2 bhp,4.0,2020
20.32 kmpl,999 cc,1160-1216 kg,Petrol,Manual,114 bhp,3.0,2025
None,1995 cc,1690 kg,Diesel,Automatic,187.7 bhp,4.0,2021
25 kmpl,1197 cc,935 kg,Petrol,Manual,82 bhp,4.0,2016
24 kmpl,1120 cc,1025 kg,Diesel,Manual,70 bhp,3.0,2016
21.38 kmpl,1396 cc,1240 kg,None,Manual,88.7 bhp,4.0,2016
20.36 kmpl,1197 cc,None,Petrol,Manual,82 bhp,4.0,2024
19.72 kmpl,1461 cc,1210 kg,None,Manual,108.45 bhp,4.0,2015
18.9 kmpl,1197 cc,1120 kg,Petrol,Manual,81.86 bhp,4.0,Dec 2018
21.56 kmpl,1462 cc,1045 kg,Petrol,Manual,103.25 bhp,4.0,Feb 2018
19.4 kmpl,1198 cc,925 kg,Petrol,Manual,86.8 bhp,4.0,Mar 2016
16.8 kmpl,1497 cc,1335 kg,Petrol,Manual,113.43 bhp,4.0,2021
20.89 kmpl,1197 cc,835 kg,Petrol,Manual,81.80 bhp,4.0,May 2017
19.44 kmpl,999 cc,1050 kg,Petrol,Manual,75 bhp,3.0,May 2019
21.01 kmpl,1197 cc,865-890 kg,Petrol,Manual,81.80 bhp,4.0,Jun 2021
13 kmpl,1591 cc,1280 kg,None,Manual,121.3 bhp,4.0,2019
18.9 kmpl,1197 cc,1140 kg,Petrol,Manual,81.86 bhp,4.0,May 2018
18.72 kmpl,1498 cc,1258 kg,Petrol,Manual,147.52 bhp,4.0,Apr 2023
18.6 kmpl,1197 cc,1066 kg,Petrol,Manual,81.83 bhp,4.0,Jun 2015
24.3 kmpl,1248 cc,1185 kg,None,Manual,88.5 bhp,4.0,2017
19.5 kmpl,1199 cc,917 kg,Petrol,Manual,88.76 bhp,4.0,Jul 2017
21.4 kmpl,1197 cc,870 kg,Petrol,Manual,83.1 bhp,4.0,Jul 2016
21.7 kmpl,998 cc,736-775 kg,Petrol,Manual,65.71 bhp,3.0,May 2021
19.5 kmpl,1199 cc,924 kg,Petrol,Manual,88.76 bhp,4.0,2019
18.6 kmpl,1197 cc,1066 kg,Petrol,Manual,81.83 bhp,4.0,Jan 2019
18.9 kmpl,1197 cc,935 kg,Petrol,Manual,82 bhp,4.0,Nov 2015
22.35 kmpl,1197 cc,925-955 kg,Petrol,Manual,88.50 bhp,4.0,Jun 2024
21.7 kmpl,998 cc,736-775 kg,Petrol,Manual,65.71 bhp,3.0,2021
20.73 kmpl,1373 cc,1030 kg,Petrol,Manual,91.1 bhp,4.0,Dec 2022
18.9 kmpl,1197 cc,1120 kg,Petrol,Manual,81.86 bhp,4.0,Apr 2018
18.9 kmpl,1197 cc,1120 kg,Petrol,Manual,81.86 bhp,4.0,Oct 2013
13.93 kmpl,2179 cc,1850 kg,None,Manual,138.03 bhp,4.0,2010
18.9 kmpl,1197 cc,1120 kg,Petrol,Manual,81.86 bhp,4.0,Jul 2017
18.9 kmpl,1197 cc,935 kg,Petrol,Manual,82 bhp,4.0,Oct 2015
18.9 kmpl,1197 cc,1120 kg,Petrol,Manual,81.86 bhp,4.0,Jun 2018
28.09 kmpl,1248 cc,1115 kg,Diesel,Manual,88.5 bhp,4.0,2015
18.9 kmpl,1197 cc,1100 kg,Petrol,Manual,81.86 bhp,4.0,Apr 2017
25.24 kmpl,998 cc,810 kg,Petrol,Manual,67.77 bhp,3.0,Mar 2019
20.89 kmpl,1197 cc,825 kg,Petrol,Manual,81.80 bhp,4.0,Mar 2017
19.81 kmpl,1086 cc,860 kg,Petrol,Manual,68.05 bhp,4.0,2015
21.4 kmpl,1197 cc,870 kg,Petrol,Manual,83.1 bhp,4.0,Nov 2017
18.9 kmpl,1197 cc,1060 kg,Petrol,Manual,81.86 bhp,4.0,Feb 2014
24.39 kmpl,998 cc,None,Petrol,Manual,65.71 bhp,3.0,Jan 2024
20.3 kmpl,1199 cc,1035-1062 kg,Petrol,Manual,83.81 bhp,3.0,Aug 2022
18.9 kmpl,1197 cc,1100 kg,Petrol,Manual,81.86 bhp,4.0,May 2019
21.01 kmpl,1197 cc,865-890 kg,Petrol,Manual,81.80 bhp,4.0,Oct 2020
18.9 kmpl,1197 cc,1120 kg,Petrol,Manual,81.86 bhp,4.0,Oct 2015
21.4 kmpl,1197 cc,880 kg,Petrol,Manual,83.1 bhp,4.0,Jul 2018
20.3 kmpl,1086 cc,1050 kg,Petrol,Manual,68.05 bhp,4.0,Oct 2021
18.16 kmpl,1196 cc,995-1015 kg,Petrol,Manual,86.8 bhp,4.0,Sept 2018
21.74 kmpl,999 cc,730 kg,Petrol,Manual,67 bhp,3.0,Feb 2022
18.9 kmpl,1197 cc,1120 kg,Petrol,Manual,81.86 bhp,4.0,Jun 2019
18.9 kmpl,1197 cc,935 kg,Petrol,Manual,82 bhp,4.0,Dec 2016
18.9 kmpl,1197 cc,1120 kg,Petrol,Manual,81.86 bhp,4.0,Dec 2014
18.9 kmpl,1197 cc,1120 kg,Petrol,Manual,81.86 bhp,4.0,Jan 2017
18.9 kmpl,1197 cc,1120 kg,Petrol,Manual,81.86 bhp,4.0,Apr 2019
18.9 kmpl,1197 cc,1120 kg,Petrol,Manual,81.86 bhp,4.0,Jan 2019
18.9 kmpl,1197 cc,1120 kg,Petrol,Manual,81.86 bhp,4.0,Nov 2015
21.4 kmpl,1197 cc,880 kg,Petrol,Manual,83.1 bhp,4.0,Feb 2017
18.9 kmpl,1197 cc,935 kg,Petrol,Manual,82 bhp,4.0,Dec 2015
18.19 kmpl,1197 cc,1179 kg,Petrol,Automatic,103.2 bhp,4.0,Sept 2016
24.79 kmpl,1197 cc,920-960 kg,Petrol,Manual,80 bhp,3.0,Apr 2019
21.4 kmpl,1197 cc,890 kg,Petrol,Manual,83.1 bhp,4.0,Nov 2018
18.9 kmpl,1197 cc,1060 kg,Petrol,Manual,81.86 bhp,4.0,Jan 2015
18.9 kmpl,1197 cc,1120 kg,Petrol,Manual,81.86 bhp,4.0,Oct 2019
20.7 kmpl,1197 cc,1160 kg,Petrol,Manual,81.86 bhp,4.0,Dec 2022
18.5 kmpl,1194 cc,1016-1033 kg,Petrol,Manual,94.93 bhp,3.0,Jun 2016
20.7 kmpl,1197 cc,1160 kg,Petrol,Manual,81.86 bhp,4.0,Apr 2022
18.9 kmpl,1197 cc,1100 kg,Petrol,Manual,81.86 bhp,4.0,Jan 2019
18.9 kmpl,1197 cc,935 kg,Petrol,Manual,82 bhp,4.0,Dec 2017
18.9 kmpl,1197 cc,935 kg,Petrol,Manual,82 bhp,4.0,Sept 2017
23.84 kmpl,1199 cc,940 kg,Petrol,Manual,84 bhp,3.0,Sept 2018
17.8 kmpl,1198 cc,965 kg,Petrol,Manual,86.7 bhp,4.0,Nov 2016
17.8 kmpl,1198 cc,955 kg,Petrol,Manual,86.7 bhp,4.0,Mar 2018
17.4 kmpl,1497 cc,1088 kg,Petrol,Manual,117.6 bhp,4.0,May 2019
18.9 kmpl,1197 cc,1100 kg,Petrol,Manual,81.86 bhp,4.0,Mar 2022
18.6 kmpl,1197 cc,1066 kg,Petrol,Manual,81.83 bhp,4.0,Mar 2018
18.9 kmpl,1197 cc,1100 kg,Petrol,Manual,81.86 bhp,4.0,May 2017
21.21 kmpl,1197 cc,860-895 kg,Petrol,Manual,81.80 bhp,4.0,May 2019
30.48 km/kg,1086 cc,1070 kg,CNG,Manual,58 bhp,4.0,Dec 2019
17.4 kmpl,1497 cc,1042 kg,Petrol,Manual,117.3 bhp,4.0,Oct 2016
23.84 kmpl,1199 cc,1012 kg,Petrol,Manual,84 bhp,3.0,Aug 2017
21.21 kmpl,1197 cc,860-895 kg,Petrol,Manual,81.80 bhp,4.0,Feb 2018
19.01 kmpl,1199 cc,982 kg,Petrol,Manual,84.82 bhp,3.0,Aug 2020
18 kmpl,1197 cc,None,Petrol,Manual,82 bhp,4.0,May 2023
20.32 kmpl,999 cc,1160-1216 kg,Petrol,Manual,113.98 bhp,3.0,Nov 2023
18.9 kmpl,1197 cc,1120 kg,Petrol,Manual,81.86 bhp,4.0,Dec 2015
20.73 kmpl,1373 cc,1010 kg,Petrol,Manual,91.1 bhp,4.0,Aug 2016
18.97 kmpl,999 cc,1112-1138 kg,Petrol,Manual,108.62 bhp,3.0,Jun 2021
18.9 kmpl,1197 cc,1120 kg,Petrol,Manual,81.86 bhp,4.0,Jul 2019
17.19 kmpl,1197 cc,1180 kg,Petrol,Manual,81.86 bhp,4.0,May 2019
19.01 kmpl,1199 cc,982 kg,Petrol,Manual,84.82 bhp,3.0,Jan 2022
18 kmpl,1497 cc,1065 kg,Petrol,Automatic,117.3 bhp,4.0,Aug 2014
22.35 kmpl,1197 cc,925-955 kg,Petrol,Manual,88.50 bhp,4.0,Mar 2022
19.7 kmpl,796 cc,705 kg,Petrol,Manual,46.3 bhp,3.0,Sept 2021
20.4 kmpl,1197 cc,855 kg,Petrol,Manual,81.80 bhp,4.0,Sept 2015
18.6 kmpl,1197 cc,1066 kg,Petrol,Manual,81.83 bhp,4.0,May 2017
18.6 kmpl,1199 cc,934 kg,Petrol,Manual,88.50 bhp,4.0,Aug 2015
18 kmpl,1198 cc,950 kg,Petrol,Manual,86.7 bhp,4.0,Dec 2015
18.9 kmpl,1197 cc,1100 kg,Petrol,Manual,81.86 bhp,4.0,Jul 2019
21.21 kmpl,1197 cc,860-895 kg,Petrol,Manual,81.80 bhp,4.0,Apr 2018
20.52 kmpl,1197 cc,830-845 kg,Petrol,Manual,81.80 bhp,4.0,May 2016
None,None,1120 kg,Petrol,Manual,None,4.0,Oct 2017
18.7 kmpl,1199 cc,1044 kg,Petrol,Manual,88.7 bhp,4.0,Sept 2015
20.73 kmpl,1373 cc,1030 kg,Petrol,Manual,91.1 bhp,4.0,2018
21.94 km/kg,1196 cc,1050 kg,CNG,Manual,61.7 bhp,4.0,2018
20.73 kmpl,1373 cc,1030 kg,Petrol,Manual,91.1 bhp,4.0,2018
18.9 kmpl,1197 cc,935 kg,Petrol,Manual,82 bhp,4.0,May 2015
21.21 kmpl,1197 cc,855-885 kg,Petrol,Manual,81.80 bhp,4.0,Nov 2013
18.6 kmpl,1197 cc,1066 kg,Petrol,Manual,81.83 bhp,4.0,Jan 2016
21.56 kmpl,1462 cc,1045 kg,Petrol,Manual,103.25 bhp,4.0,Sept 2018
18.9 kmpl,1197 cc,1120 kg,Petrol,Manual,81.86 bhp,4.0,Nov 2015
21.01 kmpl,1197 cc,865-890 kg,Petrol,Manual,81.80 bhp,4.0,Nov 2020
21.79 kmpl,998 cc,805-825 kg,Petrol,Manual,67.05 bhp,3.0,Oct 2021
20.52 kmpl,1197 cc,830-845 kg,Petrol,Manual,81.80 bhp,4.0,Mar 2019
18.9 kmpl,1197 cc,1120 kg,Petrol,Manual,81.86 bhp,4.0,Aug 2017
23.84 kmpl,1199 cc,1012 kg,Petrol,Manual,84 bhp,3.0,Jul 2018
19.5 kmpl,1199 cc,917 kg,Petrol,Manual,88.76 bhp,4.0,Jun 2017
18.9 kmpl,1197 cc,1120 kg,Petrol,Manual,81.86 bhp,4.0,Feb 2019
20.51 kmpl,998 cc,885 kg,Petrol,Manual,67.04 bhp,3.0,Jun 2017
22.41 kmpl,1197 cc,880-915 kg,Petrol,Manual,88.50 bhp,4.0,Mar 2022
20.85 kmpl,1197 cc,945 kg,Petrol,Manual,83.14 bhp,4.0,Oct 2014
20.7 kmpl,1197 cc,1140 kg,Petrol,Automatic,81.86 bhp,4.0,Dec 2019
19.5 kmpl,1582 cc,1329 kg,Diesel,Automatic,126.24 bhp,4.0,May 2014
17.4 kmpl,1497 cc,1049 kg,Petrol,Manual,117.3 bhp,4.0,Apr 2014
25.24 kmpl,998 cc,810 kg,Petrol,Manual,67.77 bhp,3.0,Aug 2015
19.81 kmpl,1086 cc,860 kg,Petrol,Manual,68.05 bhp,4.0,Nov 2013
19.81 kmpl,1086 cc,860 kg,Petrol,Manual,68.05 bhp,4.0,Aug 2015
25.24 kmpl,998 cc,810 kg,Petrol,Manual,67.77 bhp,3.0,Aug 2015
21.1 kmpl,814 cc,880 kg,Petrol,Manual,55.2 bhp,3.0,Apr 2016
19.81 kmpl,1086 cc,860 kg,Petrol,Manual,68.05 bhp,4.0,Apr 2014
19.81 kmpl,1086 cc,860 kg,Petrol,Manual,68.05 bhp,4.0,Feb 2015
19.81 kmpl,1086 cc,860 kg,Petrol,Manual,68.05 bhp,4.0,Jan 2014
18.9 kmpl,1197 cc,935 kg,Petrol,Manual,82 bhp,4.0,Nov 2015
20.36 kmpl,1197 cc,930 kg,Petrol,Manual,78.9 bhp,4.0,Apr 2010
22.35 kmpl,1197 cc,920-955 kg,Petrol,Manual,88.50 bhp,4.0,May 2023
23.84 kmpl,1199 cc,980 kg,Petrol,Manual,84 bhp,3.0,Apr 2018
18.9 kmpl,1197 cc,1120 kg,Petrol,Manual,81.86 bhp,4.0,Jul 2020
14.28 kmpl,1798 cc,1185 kg,Petrol,Automatic,138.03 bhp,4.0,Mar 2016
None,None,None,None,None,None,None,None
17.03 kmpl,1462 cc,1110-1130 kg,Petrol,Manual,103.26 bhp,4.0,Jan 2020
17.8 kmpl,1496 cc,1135 kg,Petrol,Automatic,105.5 bhp,4.0,Jul 2018
18 kmpl,1497 cc,1100 kg,Petrol,Automatic,117.6 bhp,4.0,May 2017
17.03 kmpl,1462 cc,1115-1130 kg,Petrol,Manual,103.26 bhp,4.0,Mar 2022
18 kmpl,1497 cc,1085 kg,Petrol,Automatic,117.3 bhp,4.0,Nov 2018
20.25 kmpl,998 cc,1210 kg,Petrol,Automatic,118.41 bhp,3.0,Sept 2021
20.15 kmpl,1462 cc,1130 kg,Petrol,Manual,101.65 bhp,4.0,Feb 2022
22.54 kmpl,1582 cc,1200 kg,Diesel,Manual,126.2 bhp,4.0,May 2019
None,2199 cc,2320 kg,Diesel,Automatic,197.26 bhp,4.0,Jul 2020
18.65 kmpl,1199 cc,952-986 kg,Petrol,Manual,89 bhp,4.0,Mar 2019
24.35 kmpl,998 cc,825 kg,Petrol,Manual,65.71 bhp,3.0,Jan 2018
18.6 kmpl,1197 cc,1066 kg,Petrol,Manual,81.83 bhp,4.0,Oct 2015
18.9 kmpl,1197 cc,1200 kg,Petrol,Automatic,81.86 bhp,4.0,Mar 2018
21.4 kmpl,1197 cc,935 kg,Petrol,Automatic,83.1 bhp,4.0,Oct 2017
19.12 kmpl,1373 cc,1030 kg,Petrol,Automatic,91.1 bhp,4.0,Sept 2023
None,2143 cc,1570 kg,Diesel,Automatic,136 bhp,4.0,Sept 2017
25.8 kmpl,1498 cc,1055 kg,Diesel,Manual,98.6 bhp,4.0,Apr 2015
24.4 kmpl,1498 cc,1072 kg,Diesel,Manual,98.63 bhp,4.0,Jul 2018
23.84 kmpl,1199 cc,1012 kg,Petrol,Manual,83.83 bhp,3.0,Aug 2020
24.35 kmpl,998 cc,810-835 kg,Petrol,Manual,65.71 bhp,3.0,Dec 2022
18.6 kmpl,1197 cc,1120 kg,Petrol,Manual,81.86 bhp,4.0,Jun 2019
22 kmpl,1197 cc,870 kg,Petrol,Manual,81.80 bhp,4.0,Sept 2015
18.6 kmpl,1498 cc,1107-1153 kg,Petrol,Manual,119.35 bhp,4.0,Oct 2021
18 kmpl,1497 cc,1080 kg,Petrol,Automatic,117.6 bhp,4.0,Apr 2018
24.1 kmpl,1498 cc,1191-1217 kg,Diesel,Manual,97.89 bhp,4.0,Jul 2022
22 kmpl,999 cc,750 kg,Petrol,Automatic,67 bhp,3.0,Jun 2021
27.39 kmpl,1248 cc,985 kg,Diesel,Manual,74 bhp,4.0,Oct 2019
18.9 kmpl,1197 cc,1100 kg,Petrol,Manual,81.86 bhp,4.0,Apr 2018
20.28 kmpl,998 cc,1220 kg,Petrol,Automatic,118.41 bhp,3.0,Mar 2022
None,None,1120 kg,Petrol,Manual,None,4.0,Aug 2014
20.14 kmpl,1197 cc,1120 kg,Petrol,Manual,81.86 bhp,4.0,Mar 2018
15.9 kmpl,1496 cc,1221 kg,Petrol,Manual,120.69 bhp,3.0,Sept 2018
22.15 kmpl,1498 cc,1238 kg,Diesel,Automatic,108.6 bhp,4.0,Aug 2017
17.8 kmpl,1496 cc,1135 kg,Petrol,Automatic,105.94 bhp,4.0,Jul 2018
27.39 kmpl,1248 cc,960-985 kg,Diesel,Manual,74 bhp,4.0,Jun 2021
22.38 kmpl,1197 cc,875-905 kg,Petrol,Manual,88.50 bhp,4.0,Nov 2016
17.1 kmpl,1199 cc,1085 kg,Petrol,Automatic,88.50 bhp,4.0,Dec 2020
19 kmpl,1199 cc,1062 kg,Petrol,Automatic,88.7 bhp,4.0,Jul 2016
21 kmpl,1197 cc,1120 kg,Petrol,Manual,81.80 bhp,4.0,2020
27.39 kmpl,1248 cc,985 kg,Diesel,Manual,74 bhp,4.0,Jan 2016
21.21 kmpl,1197 cc,860-895 kg,Petrol,Manual,81.80 bhp,4.0,Dec 2020
21.21 kmpl,1197 cc,855-885 kg,Petrol,Manual,81.80 bhp,4.0,Jan 2019
24.4 kmpl,1120 cc,1120 kg,Diesel,Manual,71 bhp,3.0,Jul 2017
20.14 kmpl,1197 cc,1120 kg,Petrol,Manual,81.86 bhp,4.0,Jul 2014
18.9 kmpl,1197 cc,1100 kg,Petrol,Manual,81.86 bhp,4.0,Oct 2017
21.4 kmpl,1197 cc,910 kg,Petrol,Automatic,83.1 bhp,4.0,Sept 2017
18.9 kmpl,1197 cc,1200 kg,Petrol,Automatic,81.86 bhp,4.0,Mar 2019
18.15 kmpl,1198 cc,975 kg,Petrol,Manual,82 bhp,3.0,Mar 2018
21.4 kmpl,1197 cc,870 kg,Petrol,Manual,83.1 bhp,4.0,Sept 2017
21.79 kmpl,998 cc,805-825 kg,Petrol,Manual,67.05 bhp,3.0,Mar 2019
23.59 kmpl,1364 cc,1030 kg,Diesel,Manual,67.06 bhp,4.0,Jan 2015
20.7 kmpl,1197 cc,1160 kg,Petrol,Manual,81.86 bhp,4.0,Sept 2022
18.2 kmpl,1199 cc,1066 kg,Petrol,Automatic,88.7 bhp,4.0,Oct 2020
17.01 kmpl,1591 cc,1250 kg,Petrol,Manual,121.3 bhp,4.0,Nov 2015
19 kmpl,1199 cc,1066 kg,Petrol,Automatic,88.7 bhp,4.0,Oct 2016
18.2 kmpl,1199 cc,1066 kg,Petrol,Automatic,88.7 bhp,4.0,Nov 2018
20.7 kmpl,1197 cc,1160 kg,Petrol,Manual,81.86 bhp,4.0,Aug 2020
19.47 kmpl,999 cc,1160-1215 kg,Petrol,Manual,113.98 bhp,3.0,Nov 2022
18.3 kmpl,1498 cc,1107-1153 kg,Petrol,Automatic,119.35 bhp,4.0,Feb 2021
19.33 kmpl,1199 cc,1025 kg,Petrol,Manual,86.83 bhp,3.0,Jul 2024
17.03 kmpl,1462 cc,1110-1130 kg,Petrol,Manual,103.26 bhp,4.0,Sept 2022
19.33 kmpl,1199 cc,1030 kg,Petrol,Manual,86.83 bhp,3.0,May 2022
24.3 kmpl,1248 cc,1190 kg,None,Manual,88.5 bhp,4.0,Oct 2019
19.81 kmpl,1086 cc,860 kg,Petrol,Manual,68.05 bhp,4.0,Feb 2012
24.35 kmpl,998 cc,825 kg,Petrol,Manual,65.71 bhp,3.0,Jun 2015
18.9 kmpl,1197 cc,1120 kg,Petrol,Manual,81.86 bhp,4.0,Oct 2017
18.9 kmpl,1197 cc,1120 kg,Petrol,Manual,81.86 bhp,4.0,Jun 2017
19.81 kmpl,1086 cc,860 kg,Petrol,Manual,68.05 bhp,4.0,Apr 2014
22 kmpl,814 cc,910 kg,Petrol,Manual,None,3.0,Mar 2018
19.81 kmpl,1086 cc,860 kg,Petrol,Manual,68.05 bhp,4.0,Jan 2015
18.9 kmpl,1197 cc,935 kg,Petrol,Manual,82 bhp,4.0,Sept 2015
25.17 kmpl,799 cc,710 kg,Petrol,Manual,53.3 bhp,3.0,May 2016
20.71 kmpl,799 cc,750 kg,Petrol,Manual,53.64 bhp,3.0,Feb 2022
23.84 kmpl,1199 cc,980 kg,Petrol,Manual,84 bhp,3.0,Oct 2016
18.9 kmpl,1197 cc,935 kg,Petrol,Manual,82 bhp,4.0,Aug 2016
24.39 kmpl,998 cc,None,Petrol,Manual,65.71 bhp,3.0,Nov 2017
18.5 kmpl,1197 cc,1040 kg,Petrol,Manual,82.85 bhp,4.0,Nov 2013
21.1 kmpl,814 cc,910 kg,Petrol,Manual,55.2 bhp,3.0,Dec 2018
16.95 kmpl,1498 cc,1080 kg,Petrol,Manual,97.6 bhp,4.0,Jun 2016
18.5 kmpl,1198 cc,930 kg,Petrol,Manual,86.8 bhp,4.0,Nov 2018
17.5 kmpl,1298 cc,1025 kg,Petrol,Manual,85.8 bhp,4.0,Jun 2011
19.1 kmpl,1197 cc,1160 kg,Petrol,Manual,82 bhp,4.0,Feb 2015
19.81 kmpl,1086 cc,860 kg,Petrol,Manual,68.05 bhp,4.0,Jun 2016
19.4 kmpl,1198 cc,925 kg,Petrol,Manual,86.8 bhp,4.0,Oct 2013
19.4 kmpl,1198 cc,925 kg,Petrol,Manual,86.8 bhp,4.0,Jun 2015
18.5 kmpl,1198 cc,930 kg,Petrol,Manual,86.8 bhp,4.0,Nov 2018
19.81 kmpl,1086 cc,860 kg,Petrol,Manual,68.05 bhp,4.0,Jan 2015
20.36 kmpl,1197 cc,930 kg,Petrol,Manual,78.9 bhp,4.0,Apr 2013
21.1 kmpl,814 cc,880 kg,Petrol,Manual,55.2 bhp,3.0,Aug 2014
23.84 kmpl,1199 cc,980 kg,Petrol,Manual,84 bhp,3.0,Nov 2018
25.24 kmpl,998 cc,810 kg,Petrol,Manual,67.77 bhp,3.0,Dec 2017
22 kmpl,1582 cc,1255 kg,Diesel,Manual,126.2 bhp,4.0,Jan 2019
19.01 kmpl,1462 cc,1180 kg,Petrol,Manual,103.2 bhp,4.0,Dec 2021
19.46 kmpl,1199 cc,952-986 kg,Petrol,Automatic,89 bhp,4.0,Nov 2019
18.7 kmpl,1199 cc,1042 kg,Petrol,Manual,88.7 bhp,4.0,Mar 2016
25.17 kmpl,799 cc,710 kg,Petrol,Manual,53.3 bhp,3.0,Aug 2017
28.09 kmpl,1248 cc,1115 kg,Diesel,Manual,88.5 bhp,4.0,Apr 2017
23.1 kmpl,998 cc,847 kg,Petrol,Automatic,67.04 bhp,3.0,Sept 2017
16.2 kmpl,1199 cc,1030 kg,Petrol,Manual,74 bhp,3.0,Aug 2016
20.58 kmpl,1462 cc,1185-1210 kg,None,Automatic,101.64 bhp,4.0,Dec 2023
17.23 kmpl,999 cc,1255 kg,None,Automatic,113.98 bhp,3.0,Mar 2022
17.23 kmpl,999 cc,1255 kg,None,Automatic,113.98 bhp,3.0,May 2022
14.6 kmpl,1956 cc,1700 kg,Diesel,Automatic,167.67 bhp,4.0,Aug 2022
14.6 kmpl,1956 cc,1700 kg,Diesel,Automatic,167.67 bhp,4.0,Apr 2021
20.65 kmpl,1462 cc,1110 kg,Petrol,Manual,103.25 bhp,4.0,May 2022
26 kmpl,1498 cc,1150 kg,Diesel,Manual,98.6 bhp,4.0,Jun 2015
18.1 kmpl,1493 cc,1675 kg,Diesel,Automatic,113.98 bhp,4.0,Jun 2022
23.9 kmpl,1582 cc,1250 kg,Diesel,Manual,126.32 bhp,4.0,Mar 2016
28.09 kmpl,1248 cc,1115 kg,Diesel,Manual,88.5 bhp,4.0,Jan 2017
16.8 kmpl,1497 cc,1340 kg,Petrol,Manual,113.43 bhp,4.0,Sept 2021
None,2393 cc,1815 kg,Diesel,Manual,147.8 bhp,4.0,Aug 2019
30.48 km/kg,1086 cc,1070 kg,CNG,Manual,58 bhp,4.0,Mar 2019
27.28 kmpl,1047 cc,1050 kg,Diesel,Manual,69 bhp,3.0,Nov 2016
23.1 kmpl,998 cc,840 kg,Petrol,Automatic,67.04 bhp,3.0,Apr 2017
None,2179 cc,1595 kg,Diesel,Manual,152.87 bhp,4.0,Dec 2016
21.7 kmpl,1498 cc,1277 kg,Diesel,Manual,99.23 bhp,4.0,Jun 2021
17.03 kmpl,1462 cc,1110-1130 kg,Petrol,Manual,103.26 bhp,4.0,Aug 2016
18.3 kmpl,1199 cc,945 kg,Petrol,Automatic,88.76 bhp,4.0,Apr 2022
19.36 kmpl,999 cc,1219-1252 kg,Petrol,Automatic,113.98 bhp,3.0,May 2023
20.28 kmpl,998 cc,1260 kg,Petrol,Automatic,118.36 bhp,3.0,Jan 2022
24.3 kmpl,1248 cc,1210 kg,None,Manual,88.5 bhp,4.0,Apr 2017
None,2494 cc,1675 kg,Diesel,Manual,100.6 bhp,4.0,Oct 2015
16 kmpl,1197 cc,None,Petrol,Manual,82 bhp,4.0,Sept 2024
14 kmpl,1497 cc,1430 kg,Petrol,Manual,113.18 bhp,4.0,Jul 2020
17.33 kmpl,1199 cc,1230 kg,Petrol,Manual,118.35 bhp,3.0,Oct 2021
17 kmpl,1198 cc,1252 kg,Petrol,Automatic,108.5 bhp,3.0,Jul 2018
18.9 kmpl,1197 cc,1100 kg,Petrol,Manual,81.86 bhp,4.0,Oct 2019
19 kmpl,1199 cc,1062 kg,Petrol,Automatic,88.7 bhp,4.0,Sept 2015
17.8 kmpl,1497 cc,1065 kg,Petrol,Manual,117.3 bhp,4.0,Sept 2017
18 kmpl,1497 cc,1065 kg,Petrol,Automatic,117.3 bhp,4.0,Feb 2015
19.1 kmpl,1197 cc,1160 kg,Petrol,Manual,82 bhp,4.0,May 2016
26 kmpl,998 cc,820 kg,Petrol,Automatic,67.77 bhp,3.0,Aug 2017
24.3 kmpl,1248 cc,1210 kg,None,Manual,88.5 bhp,4.0,Mar 2019
24.08 kmpl,1497 cc,None,None,Automatic,113.31 bhp,4.0,Feb 2024
18.65 kmpl,1199 cc,952-986 kg,Petrol,Manual,89 bhp,4.0,Jul 2021
24.39 kmpl,998 cc,None,Petrol,Manual,65.71 bhp,3.0,Dec 2025
23.64 kmpl,1497 cc,1105 kg,Diesel,Manual,88.77 bhp,4.0,Jan 2021
21.63 kmpl,998 cc,850 kg,Petrol,Automatic,67.05 bhp,3.0,Jan 2018
23.4 kmpl,1248 cc,1060 kg,Diesel,Manual,74 bhp,4.0,Feb 2014
18.75 kmpl,999 cc,939 kg,Petrol,Manual,71.02 bhp,3.0,Jan 2021
16.5 kmpl,1198 cc,970 kg,Petrol,Automatic,86.8 bhp,4.0,Jun 2015
26.68 kmpl,998 cc,815 kg,Petrol,Automatic,67.77 bhp,3.0,Oct 2015
20.52 kmpl,1197 cc,830-845 kg,Petrol,Manual,81.80 bhp,4.0,Sept 2022
27.4 kmpl,1498 cc,1021 kg,Diesel,Manual,98.63 bhp,4.0,Nov 2018
17.74 kmpl,999 cc,1015 kg,Petrol,Manual,75.10 bhp,3.0,Jan 2020
19.1 kmpl,1197 cc,1120 kg,Petrol,Manual,82 bhp,4.0,Oct 2016
15.9 kmpl,1496 cc,1225 kg,Petrol,Manual,120.69 bhp,3.0,Sept 2018
18.6 kmpl,1197 cc,1066 kg,Petrol,Manual,81.83 bhp,4.0,Jan 2015
18.6 kmpl,1199 cc,920 kg,Petrol,Manual,88.50 bhp,4.0,Dec 2016
18.6 kmpl,1199 cc,934 kg,Petrol,Manual,88.50 bhp,4.0,Aug 2016
21.4 kmpl,1197 cc,880 kg,Petrol,Manual,83.1 bhp,4.0,Oct 2021
18.9 kmpl,1197 cc,1120 kg,Petrol,Manual,81.86 bhp,4.0,Mar 2017
18.9 kmpl,1197 cc,1120 kg,Petrol,Manual,81.86 bhp,4.0,Oct 2018
18.9 kmpl,1197 cc,1120 kg,Petrol,Manual,81.86 bhp,4.0,Jul 2015
18 kmpl,1197 cc,None,Petrol,Manual,82 bhp,4.0,Jun 2023
18.9 kmpl,1197 cc,1120 kg,Petrol,Manual,81.86 bhp,4.0,Jun 2014
20 kmpl,998 cc,1240 kg,Petrol,Manual,118.36 bhp,3.0,Jan 2021
27.39 kmpl,1248 cc,960-985 kg,Diesel,Manual,74 bhp,4.0,Jan 2022
18.6 kmpl,1199 cc,920 kg,Petrol,Manual,88.50 bhp,4.0,Jul 2016
18.9 kmpl,1197 cc,1100 kg,Petrol,Manual,81.86 bhp,4.0,Jun 2018
18.9 kmpl,1197 cc,1060 kg,Petrol,Manual,81.86 bhp,4.0,Mar 2018
None,None,1120 kg,Petrol,Manual,None,4.0,Jul 2016
20.89 kmpl,1197 cc,855 kg,Petrol,Automatic,81.80 bhp,4.0,Jul 2018
13.87 kmpl,1498 cc,1295 kg,Petrol,Manual,104.55 bhp,4.0,May 2018
16.2 kmpl,1353 cc,1505 kg,Petrol,Automatic,138 bhp,4.0,Apr 2021
24.3 kmpl,1248 cc,1190 kg,None,Manual,88.5 bhp,4.0,Aug 2019
21.63 kmpl,998 cc,850 kg,Petrol,Automatic,67 bhp,3.0,Apr 2019
26 kmpl,1498 cc,1150 kg,Diesel,Manual,98.6 bhp,4.0,Dec 2015
18 kmpl,1497 cc,1065 kg,Petrol,Automatic,117.3 bhp,4.0,Nov 2015
19.28 kmpl,1199 cc,1030 kg,Petrol,Manual,84.82 bhp,3.0,Jul 2024
23.84 kmpl,1199 cc,980 kg,Petrol,Manual,84 bhp,3.0,Jul 2019
18.9 kmpl,1197 cc,1140 kg,Petrol,Manual,81.86 bhp,4.0,Jul 2017
19.44 kmpl,999 cc,1039 kg,Petrol,Manual,75 bhp,3.0,Jul 2019
18 kmpl,1497 cc,1085 kg,Petrol,Automatic,117.3 bhp,4.0,Nov 2015
18.6 kmpl,1199 cc,917 kg,Petrol,Manual,88.76 bhp,4.0,Mar 2021
20.7 kmpl,1197 cc,1160 kg,Petrol,Manual,81.86 bhp,4.0,Jan 2020
26 kmpl,1498 cc,1150 kg,Diesel,Manual,98.6 bhp,4.0,May 2015
28.09 kmpl,1248 cc,1135 kg,Diesel,Manual,88.5 bhp,4.0,Sept 2016
24.2 kmpl,1498 cc,1246 kg,Diesel,Manual,98.6 bhp,4.0,Aug 2014
20.7 kmpl,1197 cc,1140 kg,Petrol,Automatic,81.86 bhp,4.0,Nov 2020
24.35 kmpl,998 cc,810-835 kg,Petrol,Manual,65.71 bhp,3.0,Feb 2012
19.81 kmpl,1086 cc,860 kg,Petrol,Manual,68.05 bhp,4.0,Aug 2014
22.05 kmpl,796 cc,755 kg,Petrol,Manual,47.33 bhp,3.0,Dec 2016
20.85 kmpl,1197 cc,935 kg,Petrol,Manual,83.14 bhp,4.0,Nov 2015
20.51 kmpl,998 cc,885 kg,Petrol,Manual,67.04 bhp,3.0,Sept 2016
19.81 kmpl,1086 cc,860 kg,Petrol,Manual,68.05 bhp,4.0,Jan 2016
21.7 kmpl,998 cc,736-775 kg,Petrol,Manual,65.71 bhp,3.0,May 2021
22.05 kmpl,796 cc,755 kg,Petrol,Manual,47.33 bhp,3.0,Jun 2018
22.7 kmpl,799 cc,770 kg,Petrol,Manual,53.64 bhp,3.0,Jun 2018
22 kmpl,814 cc,910 kg,Petrol,Manual,None,3.0,Aug 2013
19.81 kmpl,1086 cc,860 kg,Petrol,Manual,68.05 bhp,4.0,Jun 2014
17.57 kmpl,1193 cc,1115 kg,Petrol,Manual,88.7 bhp,4.0,May 2016
19.4 kmpl,1198 cc,925 kg,Petrol,Manual,86.8 bhp,4.0,May 2013
16.47 kmpl,1198 cc,1055 kg,Petrol,Manual,73.9 bhp,3.0,Nov 2013
23.01 kmpl,999 cc,765 kg,Petrol,Manual,67 bhp,3.0,Oct 2020
24.35 kmpl,998 cc,825 kg,Petrol,Manual,65.71 bhp,3.0,Oct 2014
20.51 kmpl,998 cc,890 kg,Petrol,Manual,67.04 bhp,3.0,Nov 2015
21.1 kmpl,814 cc,880 kg,Petrol,Manual,55.2 bhp,3.0,Nov 2013
19.81 kmpl,1086 cc,860 kg,Petrol,Manual,68.05 bhp,4.0,Jan 2015
25.17 kmpl,799 cc,710 kg,Petrol,Manual,53.3 bhp,3.0,Sept 2016
18.15 kmpl,1198 cc,1115 kg,None,Manual,82 bhp,3.0,Feb 2018
18 kmpl,1198 cc,950 kg,Petrol,Manual,86.7 bhp,4.0,Sept 2016
15.04 kmpl,1598 cc,1130 kg,Petrol,Manual,103.6 bhp,4.0,Nov 2012
21.1 kmpl,814 cc,860 kg,Petrol,Manual,55.2 bhp,3.0,May 2017
23.59 kmpl,1364 cc,1015 kg,Diesel,Manual,67.05 bhp,4.0,Apr 2014
None,1086 cc,854 kg,Petrol,Manual,62 bhp,4.0,Mar 2012
19.81 kmpl,1086 cc,860 kg,Petrol,Manual,68.05 bhp,4.0,May 2012
15.58 kmpl,1956 cc,1900 kg,None,Manual,167.67 bhp,4.0,Jul 2019
17 kmpl,1956 cc,1695 kg,Diesel,Manual,167.63 bhp,4.0,Nov 2022
18.9 kmpl,1197 cc,1060 kg,Petrol,Manual,81.86 bhp,4.0,Oct 2014
18.9 kmpl,1197 cc,1120 kg,Petrol,Manual,81.86 bhp,4.0,Jan 2018
23.64 kmpl,1497 cc,1105 kg,Diesel,Manual,88.77 bhp,4.0,Oct 2020
21.1 kmpl,814 cc,910 kg,Petrol,Manual,55.2 bhp,3.0,Nov 2015
24.7 kmpl,796 cc,762 kg,Petrol,Manual,47.3 bhp,3.0,Sept 2019
23 kmpl,1248 cc,1155 kg,Diesel,Manual,88.7 bhp,4.0,Jun 2016
17.41 kmpl,1956 cc,1525 kg,Diesel,Manual,167.68 bhp,4.0,Aug 2019
16.5 kmpl,1353 cc,1535 kg,Petrol,Automatic,138.08 bhp,4.0,Mar 2020
19.33 kmpl,1199 cc,None,Petrol,Manual,86.79 bhp,3.0,Dec 2021
15.42 kmpl,2198 cc,None,Diesel,Automatic,172.45 bhp,4.0,Nov 2024
20.09 kmpl,1199 cc,None,None,Manual,86.63 bhp,3.0,Nov 2022
17.7 kmpl,1497 cc,1180 kg,Petrol,Manual,113.18 bhp,4.0,Nov 2021
22.56 kmpl,1197 cc,875-905 kg,Petrol,Automatic,88.50 bhp,4.0,Jul 2023
17.5 kmpl,1199 cc,1103 kg,None,Manual,88.7 bhp,4.0,Apr 2022
19.12 kmpl,1373 cc,1030 kg,Petrol,Automatic,91.1 bhp,4.0,May 2022
16 kmpl,2179 cc,1655 kg,None,Manual,140 bhp,4.0,Oct 2017
19.89 kmpl,1462 cc,1140 kg,Petrol,Manual,101.65 bhp,4.0,Sept 2022
20.52 kmpl,1197 cc,830-845 kg,Petrol,Manual,81.80 bhp,4.0,Jul 2021
24.3 kmpl,1248 cc,1200 kg,None,Manual,88.5 bhp,4.0,Sept 2016
21.1 kmpl,814 cc,910 kg,Petrol,Manual,55.2 bhp,3.0,Nov 2016
25.8 kmpl,1498 cc,1055 kg,Diesel,Manual,98.6 bhp,4.0,Aug 2013
18 kmpl,1493 cc,1540 kg,Diesel,Automatic,113.43 bhp,4.0,Jul 2021
20 kmpl,1497 cc,1465 kg,None,Manual,115 bhp,4.0,Feb 2021
22.77 kmpl,1498 cc,1240 kg,None,Manual,98.59 bhp,4.0,Apr 2016
19.7 kmpl,796 cc,705 kg,Petrol,Manual,46.3 bhp,3.0,Oct 2015
14.1 kmpl,1368 cc,1580 kg,Petrol,Automatic,160.77 bhp,4.0,Jun 2021
9 kmpl,1451 cc,1820 kg,None,Automatic,141 bhp,4.0,Mar 2022
14 kmpl,1497 cc,1450 kg,Petrol,Automatic,113.18 bhp,4.0,Feb 2021
14.6 kmpl,1956 cc,1700 kg,Diesel,Automatic,167.67 bhp,4.0,May 2022
33.85 km/kg,998 cc,None,CNG,Manual,55.92 bhp,3.0,Jun 2023
20.8 kmpl,1493 cc,1475 kg,Diesel,Manual,113.43 bhp,4.0,Jan 2021
15.85 kmpl,1499 cc,1200 kg,None,Manual,110.4 bhp,4.0,Jul 2015
21.8 kmpl,1493 cc,None,None,Manual,114 bhp,4.0,Apr 2024
20.8 kmpl,1493 cc,1535 kg,Diesel,Manual,113.43 bhp,4.0,Jun 2021
19.81 kmpl,1086 cc,860 kg,Petrol,Manual,68.05 bhp,4.0,Oct 2012
23.95 kmpl,998 cc,779 kg,Petrol,Manual,67.05 bhp,3.0,Oct 2017
None,2393 cc,1840 kg,Diesel,Manual,148 bhp,4.0,Jun 2020
10.91 kmpl,3198 cc,1879 kg,None,Automatic,197 bhp,4.0,May 2018
18.9 kmpl,1197 cc,1120 kg,Petrol,Manual,81.86 bhp,4.0,Aug 2018
12.8 kmpl,2494 cc,1660 kg,Diesel,Manual,None,4.0,Feb 2010
22.05 kmpl,796 cc,757 kg,Petrol,Manual,47.33 bhp,3.0,Jul 2023
20.63 kmpl,1198 cc,845 kg,Petrol,Manual,67.06 bhp,3.0,Nov 2017
15.8 kmpl,1591 cc,1300 kg,Petrol,Manual,121.3 bhp,4.0,Aug 2019
18.9 kmpl,1197 cc,1060 kg,Petrol,Manual,81.86 bhp,4.0,May 2014
17.5 kmpl,1199 cc,1084 kg,None,Manual,88.7 bhp,4.0,Jun 2017
18 kmpl,1497 cc,1080 kg,Petrol,Automatic,117.6 bhp,4.0,Apr 2017
22.77 kmpl,1498 cc,1240 kg,None,Manual,98.59 bhp,4.0,May 2015
14.8 kmpl,1497 cc,1320 kg,None,Automatic,121.36 bhp,3.0,Sept 2018
24.3 kmpl,1248 cc,1210 kg,None,Manual,88.5 bhp,4.0,Nov 2017
23.56 kmpl,1197 cc,835 kg,Petrol,Manual,88.50 bhp,4.0,Jan 2024
21.21 kmpl,1197 cc,860-895 kg,Petrol,Automatic,81.80 bhp,4.0,Aug 2019
18 kmpl,1497 cc,1085 kg,Petrol,Automatic,117.3 bhp,4.0,Nov 2016
22.7 kmpl,1598 cc,1250 kg,None,Manual,118 bhp,4.0,Apr 2016
26.68 kmpl,998 cc,815 kg,Petrol,Automatic,67.77 bhp,3.0,Nov 2016
18.55 kmpl,1462 cc,1130-1170 kg,Petrol,Manual,103.25 bhp,4.0,Jul 2022
27.39 kmpl,1248 cc,960-985 kg,Diesel,Manual,74 bhp,4.0,Apr 2016
18.9 kmpl,1197 cc,1200 kg,Petrol,Automatic,81.86 bhp,4.0,Apr 2018
17.5 kmpl,1199 cc,1084 kg,None,Manual,88.7 bhp,4.0,May 2017
20.7 kmpl,1197 cc,1140 kg,Petrol,Automatic,81.86 bhp,4.0,Jun 2020
20 kmpl,999 cc,947 kg,Petrol,Manual,72 bhp,3.0,Dec 2020
17 kmpl,1198 cc,1252 kg,Petrol,Automatic,108.5 bhp,3.0,Aug 2019
20.14 kmpl,1498 cc,1142 kg,Diesel,Manual,88 bhp,4.0,Apr 2015
20.85 kmpl,1197 cc,945 kg,Petrol,Manual,83.14 bhp,4.0,Jul 2016
20.51 kmpl,998 cc,885 kg,Petrol,Manual,67.04 bhp,3.0,Oct 2015
19.1 kmpl,1493 cc,None,None,Automatic,114 bhp,4.0,Apr 2024
13 kmpl,1591 cc,1280 kg,None,Manual,121.3 bhp,4.0,Mar 2016
15.31 kmpl,1498 cc,1259 kg,Petrol,Manual,119 bhp,4.0,Mar 2024
23.01 kmpl,999 cc,710 kg,Petrol,Manual,67 bhp,3.0,Oct 2018
18.7 kmpl,1199 cc,1042 kg,Petrol,Manual,88.7 bhp,4.0,Oct 2016
24.35 kmpl,998 cc,810-835 kg,Petrol,Manual,65.71 bhp,3.0,Jul 2013
22.05 kmpl,796 cc,755 kg,Petrol,Manual,47.33 bhp,3.0,Apr 2014
22.05 kmpl,796 cc,755 kg,Petrol,Manual,47.33 bhp,3.0,Jul 2017
19.7 kmpl,796 cc,705 kg,Petrol,Manual,46.3 bhp,3.0,Aug 2015
24.35 kmpl,998 cc,825 kg,Petrol,Manual,65.71 bhp,3.0,Jul 2014
21.74 kmpl,999 cc,730 kg,Petrol,Manual,67 bhp,3.0,Apr 2016
22.05 kmpl,796 cc,755 kg,Petrol,Manual,47.33 bhp,3.0,Nov 2019
18.88 kmpl,999 cc,1290 kg,None,Manual,123.37 bhp,3.0,Aug 2014
24.35 kmpl,998 cc,810-835 kg,Petrol,Manual,65.71 bhp,3.0,Feb 2013
16.93 kmpl,1197 cc,1164 kg,Petrol,Automatic,103.2 bhp,4.0,Oct 2014
19.7 kmpl,796 cc,705 kg,Petrol,Manual,46.3 bhp,3.0,Apr 2016
24.35 kmpl,998 cc,810-835 kg,Petrol,Manual,65.71 bhp,3.0,Apr 2013
21.1 kmpl,814 cc,910 kg,Petrol,Manual,55.2 bhp,3.0,Aug 2013
22.7 kmpl,799 cc,770 kg,Petrol,Manual,53.64 bhp,3.0,Sept 2016
24.35 kmpl,998 cc,825 kg,Petrol,Manual,65.71 bhp,3.0,Apr 2013
19.81 kmpl,1086 cc,860 kg,Petrol,Manual,68.05 bhp,4.0,May 2013
19.7 kmpl,796 cc,705 kg,Petrol,Manual,46.3 bhp,3.0,Oct 2019
21.21 kmpl,1197 cc,855-885 kg,Petrol,Manual,81.80 bhp,4.0,May 2012
26.68 kmpl,998 cc,815 kg,Petrol,Automatic,67.77 bhp,3.0,Apr 2015
14.7 kmpl,1150 cc,1075 kg,Petrol,Manual,None,4.0,Nov 2011
21.1 kmpl,1248 cc,1100 kg,Diesel,Manual,73.9 bhp,4.0,Dec 2009
21.1 kmpl,814 cc,910 kg,Petrol,Manual,55.2 bhp,3.0,Jun 2013
18 kmpl,995 cc,840 kg,Petrol,Manual,62 bhp,4.0,Nov 2008
22.05 kmpl,796 cc,755 kg,Petrol,Manual,47.33 bhp,3.0,Apr 2021
15.1 kmpl,2179 cc,1785 kg,None,Manual,152.87 bhp,4.0,Apr 2017
18.5 kmpl,1199 cc,1190 kg,Petrol,Automatic,86.83 bhp,3.0,Aug 2023
21.21 kmpl,1197 cc,860-895 kg,Petrol,Manual,81.80 bhp,4.0,Jan 2021
None,1462 cc,1275 kg,CNG,Manual,86.63 bhp,4.0,2024
16.92 kmpl,1498 cc,1213 kg,Petrol,Automatic,119 bhp,4.0,2023
14.8 kmpl,1591 cc,1300 kg,Petrol,Automatic,121.3 bhp,4.0,Apr 2018
17.33 kmpl,1199 cc,1230 kg,Petrol,Manual,118.35 bhp,3.0,Feb 2021
27.39 kmpl,1248 cc,960-985 kg,Diesel,Manual,74 bhp,4.0,Mar 2017
20.09 kmpl,1199 cc,None,None,Manual,87 bhp,3.0,Nov 2022
16 kmpl,2179 cc,1860 kg,None,Manual,140 bhp,4.0,Sept 2015
17.29 kmpl,1493 cc,1505 kg,None,Manual,100 bhp,3.0,Sept 2021
22.9 kmpl,1248 cc,1050 kg,Diesel,Manual,74 bhp,4.0,Oct 2013
12.8 kmpl,2494 cc,1660 kg,Diesel,Manual,None,4.0,Nov 2009
17.01 kmpl,1582 cc,1320 kg,None,Automatic,126.2 bhp,4.0,Sept 2015
17 kmpl,1198 cc,1252 kg,Petrol,Manual,108.5 bhp,3.0,Sept 2020
15 kmpl,1497 cc,None,None,Manual,116 bhp,4.0,Aug 2025
15.31 kmpl,1498 cc,1259 kg,Petrol,Manual,119 bhp,4.0,Oct 2023
12 kmpl,1199 cc,None,None,Manual,118 bhp,3.0,Oct 2024
17.8 kmpl,1493 cc,1495 kg,Diesel,Automatic,113.42 bhp,4.0,Jun 2022
14.1 kmpl,1368 cc,1580 kg,Petrol,Automatic,160.77 bhp,4.0,Jun 2021
None,1497 cc,1400 kg,Petrol,Automatic,113.43 bhp,4.0,Jul 2023
None,2143 cc,1570 kg,Diesel,Automatic,134.1 bhp,4.0,Mar 2018
16 kmpl,1368 cc,1562 s kg,None,Automatic,160.77 bhp,4.0,Jul 2019
25.17 kmpl,799 cc,710 kg,Petrol,Manual,53.3 bhp,3.0,Apr 2018
16.2 kmpl,1199 cc,1030 kg,Petrol,Manual,74 bhp,3.0,Jul 2015
20.36 kmpl,1197 cc,960 kg,Petrol,Manual,78.9 bhp,4.0,Jan 2011
18.15 kmpl,998 cc,1440 kg,Petrol,Automatic,118.35 bhp,3.0,Jun 2019
20 kmpl,999 cc,None,Petrol,Manual,71.01 bhp,3.0,Oct 2023
18.06 kmpl,1198 cc,940 kg,Petrol,Manual,75 bhp,3.0,Jul 2011
17 kmpl,1198 cc,1252 kg,Petrol,Manual,108.5 bhp,3.0,Jul 2019
18.6 kmpl,1197 cc,970 kg,Petrol,Manual,85.8 bhp,4.0,Mar 2013
20.08 kmpl,999 cc,1255 kg,Petrol,Manual,113.98 bhp,3.0,Jun 2022
17.05 kmpl,1199 cc,1310 kg,Petrol,Automatic,118.35 bhp,3.0,Mar 2023
18.15 kmpl,998 cc,1440 kg,Petrol,Automatic,118.35 bhp,3.0,Sept 2019
None,2393 cc,1805 kg,Diesel,Manual,147.8 bhp,4.0,Sept 2018
22.77 kmpl,1498 cc,1240 kg,None,Manual,98.59 bhp,4.0,Oct 2017
20 kmpl,999 cc,None,Petrol,Manual,71.01 bhp,3.0,Nov 2022
19.4 kmpl,1198 cc,925 kg,Petrol,Manual,86.8 bhp,4.0,Jan 2017
20 kmpl,999 cc,None,Petrol,Manual,71.01 bhp,3.0,Jan 2021
20.14 kmpl,1197 cc,1120 kg,Petrol,Manual,81.86 bhp,4.0,Nov 2015
17.33 kmpl,1199 cc,1200 kg,Petrol,Manual,118.35 bhp,3.0,Sept 2021
19.4 kmpl,1198 cc,925 kg,Petrol,Manual,86.8 bhp,4.0,Mar 2014
19.17 kmpl,999 cc,None,None,Manual,71 bhp,3.0,Apr 2023
13.7 kmpl,1997 cc,1505 kg,None,Automatic,153.86 bhp,4.0,Sept 2015
25.24 kmpl,998 cc,810 kg,Petrol,Manual,67.77 bhp,3.0,Aug 2024
19.03 kmpl,999 cc,None,None,Automatic,71 bhp,3.0,Jun 2021
21.21 kmpl,1197 cc,855-885 kg,Petrol,Manual,81.80 bhp,4.0,Sept 2013
23.01 kmpl,999 cc,710 kg,Petrol,Manual,67 bhp,3.0,Jul 2018
19.02 kmpl,1198 cc,886 kg,Petrol,Manual,67.05 bhp,3.0,Nov 2018
22.05 kmpl,796 cc,762 kg,Petrol,Manual,47.33 bhp,3.0,Oct 2020
22.25 kmpl,799 cc,690 kg,Petrol,Manual,53.26 bhp,3.0,Feb 2016
19.7 kmpl,796 cc,705 kg,Petrol,Manual,46.3 bhp,3.0,Apr 2018
18.7 kmpl,1199 cc,1042 kg,Petrol,Manual,88.7 bhp,4.0,Aug 2016
21.1 kmpl,814 cc,880 kg,Petrol,Manual,55.2 bhp,3.0,Jan 2016
20.51 kmpl,998 cc,870 kg,Petrol,Manual,67.04 bhp,3.0,Nov 2014
19.7 kmpl,796 cc,705 kg,Petrol,Manual,46.3 bhp,3.0,Sept 2018
24.04 kmpl,999 cc,730 kg,Petrol,Automatic,67 bhp,3.0,Dec 2017
21.1 kmpl,814 cc,880 kg,Petrol,Manual,55.2 bhp,3.0,Mar 2015
19.7 kmpl,796 cc,705 kg,Petrol,Manual,46.3 bhp,3.0,Feb 2017
20.51 kmpl,998 cc,885 kg,Petrol,Manual,67.04 bhp,3.0,Dec 2016
20.51 kmpl,998 cc,885 kg,Petrol,Manual,67.04 bhp,3.0,Jan 2018
23.01 kmpl,999 cc,765 kg,Petrol,Manual,67 bhp,3.0,Feb 2020
23.01 kmpl,999 cc,710 kg,Petrol,Manual,67 bhp,3.0,Nov 2017
19.7 kmpl,796 cc,705 kg,Petrol,Manual,46.3 bhp,3.0,Nov 2015
24.79 kmpl,1197 cc,920-960 kg,Petrol,Manual,80 bhp,3.0,Sept 2018
17 kmpl,1197 cc,1435 kg,None,Manual,110 bhp,3.0,Mar 2019
24.3 kmpl,1248 cc,1195 kg,None,Automatic,88.5 bhp,4.0,Jun 2018
22.05 kmpl,796 cc,755 kg,Petrol,Manual,47.33 bhp,3.0,May 2014
25.17 kmpl,799 cc,710 kg,Petrol,Manual,53.3 bhp,3.0,Apr 2017
22.05 kmpl,796 cc,755 kg,Petrol,Manual,47.33 bhp,3.0,Mar 2016
16.56 kmpl,1451 cc,1820 kg,Petrol,Automatic,141 bhp,4.0,Nov 2021
16.35 kmpl,1956 cc,1675 kg,Diesel,Manual,167.67 bhp,4.0,Mar 2023
11 kmpl,1199 cc,None,None,Automatic,118 bhp,3.0,Feb 2025
14.7 kmpl,1496 cc,1300 kg,Petrol,Automatic,120.69 bhp,3.0,May 2019
19.28 kmpl,1199 cc,None,Petrol,Manual,85 bhp,3.0,Mar 2022
8 kmpl,1997 cc,None,None,Automatic,150.19 bhp,4.0,Oct 2022
19.01 kmpl,1462 cc,1135-1170 kg,Petrol,Manual,103.26 bhp,4.0,Apr 2021
17.1 kmpl,1956 cc,1537 s kg,None,Manual,170 bhp,4.0,Feb 2020
20.52 kmpl,1197 cc,830-845 kg,Petrol,Manual,81.80 bhp,4.0,Jun 2020
20 kmpl,999 cc,None,Petrol,Manual,71.01 bhp,3.0,Mar 2023
18.49 kmpl,1493 cc,1755 kg,None,Manual,100 bhp,3.0,May 2016
18.3 kmpl,1197 cc,895 kg,Petrol,Manual,None,4.0,Feb 2011
13 kmpl,2982 cc,1880 kg,None,Manual,168.5 bhp,4.0,Oct 2015
21 kmpl,1197 cc,1105 kg,Petrol,Manual,81.80 bhp,4.0,Nov 2020
23 kmpl,1498 cc,1280 kg,None,Manual,98.96 bhp,4.0,Apr 2019
23.01 kmpl,999 cc,690 kg,Petrol,Manual,67 bhp,3.0,Oct 2017
15.29 kmpl,1591 cc,1300 kg,None,Manual,121.3 bhp,4.0,Aug 2017
15.1 kmpl,2179 cc,1635 kg,Diesel,Manual,140 bhp,4.0,Apr 2012
19.01 kmpl,1461 cc,1390 kg,None,Manual,108.5 bhp,4.0,Aug 2014
15.1 kmpl,2179 cc,1940 kg,Diesel,Manual,140 bhp,4.0,Jun 2012
25.5 kmpl,1498 cc,1198 kg,None,Manual,98.6 bhp,4.0,Mar 2018
26.6 km/kg,998 cc,960 kg,CNG,Manual,58.16 bhp,3.0,Dec 2013
19.81 kmpl,1086 cc,860 kg,Petrol,Manual,68.05 bhp,4.0,Apr 2014
22.05 kmpl,796 cc,755 kg,Petrol,Manual,47.33 bhp,3.0,Dec 2019
20.36 kmpl,1197 cc,930 kg,Petrol,Manual,78.9 bhp,4.0,Aug 2011
23.59 kmpl,1364 cc,920 kg,Diesel,Manual,None,4.0,Feb 2012
16.47 kmpl,1198 cc,1030 kg,Petrol,Manual,73.9 bhp,3.0,Jan 2012
11.88 km/kg,1086 cc,845 kg,CNG,Manual,62.1 bhp,3.0,Feb 2010
22.5 kmpl,999 cc,730 kg,Petrol,Manual,67 bhp,3.0,Mar 2018
16.1 kmpl,1197 cc,1010 kg,Petrol,Manual,None,4.0,Jun 2011
19.1 kmpl,1197 cc,1160 kg,Petrol,Manual,82 bhp,4.0,Sept 2015
19.81 kmpl,1086 cc,860 kg,Petrol,Manual,68.05 bhp,4.0,Nov 2012
11 kmpl,1353 cc,1465 kg,Petrol,Automatic,138.12 bhp,4.0,Dec 2020
17.29 kmpl,1493 cc,1505 kg,None,Manual,100 bhp,3.0,Sept 2021
25.1 kmpl,1248 cc,1230 kg,None,Manual,88.5 bhp,4.0,May 2018
20.3 kmpl,1086 cc,1070 kg,Petrol,Automatic,68.05 bhp,4.0,Jun 2021
18.49 kmpl,1493 cc,1725 kg,None,Manual,100 bhp,3.0,Mar 2016
22.7 kmpl,799 cc,770 kg,Petrol,Manual,53.64 bhp,3.0,Aug 2017
22.05 kmpl,796 cc,755 kg,Petrol,Manual,47.33 bhp,3.0,Jul 2019
17.1 kmpl,1199 cc,1063 kg,Petrol,Manual,88.50 bhp,4.0,Aug 2022
17.1 kmpl,1199 cc,1063 kg,Petrol,Manual,88.50 bhp,4.0,Aug 2021
17 kmpl,1499 cc,1117 kg,Petrol,Manual,None,4.0,Jul 2021
14.59 kmpl,1999 cc,1240 kg,Petrol,Manual,149.92 bhp,4.0,May 2017
16.5 kmpl,1197 cc,None,Petrol,Automatic,108.62 bhp,3.0,Jul 2023
18 kmpl,1493 cc,1430 kg,Diesel,Manual,113.98 bhp,4.0,Jun 2023
23.1 kmpl,998 cc,840 kg,Petrol,Automatic,67.04 bhp,3.0,Mar 2015
14.19 kmpl,1498 cc,1110 kg,None,Manual,104.5 bhp,4.0,Sept 2018
17.01 kmpl,1591 cc,1198 kg,Petrol,Manual,121.3 bhp,4.0,Aug 2015
19 kmpl,1199 cc,None,Petrol,Automatic,85 bhp,3.0,Aug 2022
19.01 kmpl,1199 cc,None,Petrol,Manual,84.82 bhp,3.0,Feb 2023
19.7 kmpl,796 cc,705 kg,Petrol,Manual,46.3 bhp,3.0,Apr 2014
23.01 kmpl,999 cc,750 kg,Petrol,Automatic,67 bhp,3.0,Oct 2017
19.02 kmpl,1198 cc,886 kg,Petrol,Manual,67.05 bhp,3.0,Feb 2019
None,2393 cc,1855 kg,Diesel,Manual,147.8 bhp,4.0,Sept 2018
None,None,1235 kg,None,Automatic,73.75 bhp,None,Dec 2021
15.4 kmpl,2179 cc,1645 kg,None,Manual,120 bhp,4.0,Oct 2016
20.77 kmpl,1248 cc,1235 kg,Diesel,Manual,88.76 bhp,4.0,Jun 2015
12.05 kmpl,2179 cc,1940 kg,None,Manual,120 bhp,4.0,Jul 2014
14 kmpl,2523 cc,1870 kg,None,Manual,75 bhp,4.0,May 2013
18.2 kmpl,1197 cc,None,Petrol,Automatic,128.73 bhp,3.0,Jul 2024
15.1 kmpl,2179 cc,1940 kg,Diesel,Manual,140 bhp,4.0,Oct 2012
24.39 kmpl,998 cc,None,Petrol,Manual,65.71 bhp,3.0,Jul 2023
22.56 kmpl,1197 cc,875-905 kg,Petrol,Automatic,88.50 bhp,4.0,Dec 2018
18.2 kmpl,999 cc,947 kg,Petrol,Automatic,71.01 bhp,3.0,Oct 2021
26.11 km/kg,1462 cc,1250-1255 kg,CNG,Manual,86.63 bhp,4.0,Jun 2022
24.35 kmpl,998 cc,810-835 kg,Petrol,Manual,65.71 bhp,3.0,Apr 2014
12.55 kmpl,2982 cc,2000 kg,None,Automatic,168.5 bhp,4.0,Mar 2016
15 kmpl,1999 cc,None,Petrol,Manual,197 bhp,4.0,Mar 2022
16 kmpl,1197 cc,None,Petrol,Manual,82 bhp,4.0,Sept 2024
None,1462 cc,1190 kg,Petrol,Automatic,103.2 bhp,4.0,Mar 2021
26.49 km/kg,1199 cc,1030 kg,CNG,Manual,72 bhp,3.0,Apr 2022
26.49 km/kg,1199 cc,None,CNG,Manual,72 bhp,3.0,May 2022
12.2 kmpl,2499 cc,1,585 kg,Diesel,Manual,None,4.0,Nov 2006
14.1 kmpl,2179 cc,1570 kg,None,Manual,153.86 bhp,4.0,Mar 2019
None,None,1400 kg,None,Automatic,127 bhp,None,Apr 2021
18.19 kmpl,1197 cc,1179 kg,Petrol,Automatic,103.2 bhp,4.0,Sept 2016
26.49 km/kg,1199 cc,1030 kg,CNG,Manual,72 bhp,3.0,Mar 2022
14 kmpl,2179 cc,2000 kg,None,Manual,138.1 bhp,4.0,Oct 2013
8 kmpl,1997 cc,1825 kg,None,Automatic,150 bhp,4.0,Dec 2021
None,1995 cc,1500 kg,Diesel,Automatic,184 bhp,4.0,Jan 2014
None,1086 cc,854 kg,Petrol,Manual,62 bhp,4.0,Dec 2011
19.7 kmpl,796 cc,705 kg,Petrol,Manual,46.3 bhp,3.0,Jun 2018
15.1 kmpl,1984 cc,1579 kg,Petrol,Automatic,187.74 bhp,4.0,Sept 2023
33.85 km/kg,998 cc,None,CNG,Manual,55.92 bhp,3.0,Jun 2024
20.5 kmpl,1197 cc,1070 kg,Petrol,Manual,81.86 bhp,4.0,Aug 2021
17.99 kmpl,1462 cc,1135-1170 kg,Petrol,Automatic,103.26 bhp,4.0,May 2021
None,1995 cc,1,615 kg,Diesel,Automatic,218 bhp,4.0,Jan 2013
20.7 kmpl,1197 cc,1100 kg,Petrol,Manual,81.86 bhp,4.0,May 2021
18.9 kmpl,1197 cc,1120 kg,Petrol,Manual,81.86 bhp,4.0,Jul 2017
13.1 kmpl,1798 cc,1533 kg,Petrol,Manual,157.8 bhp,4.0,Jul 2021
27.28 kmpl,1047 cc,1080 kg,Diesel,Manual,69 bhp,3.0,2017
18.9 kmpl,1197 cc,1120 kg,Petrol,Manual,81.86 bhp,4.0,Dec 2013
21.74 kmpl,999 cc,730 kg,Petrol,Manual,67 bhp,3.0,Feb 2020
24.7 kmpl,796 cc,720 kg,Petrol,Manual,47.3 bhp,3.0,Sept 2017
18.9 kmpl,1197 cc,1120 kg,Petrol,Manual,81.86 bhp,4.0,Oct 2016
17.5 kmpl,1199 cc,1103 kg,None,Manual,88.7 bhp,4.0,Sept 2017
20.85 kmpl,1197 cc,945 kg,Petrol,Manual,83.14 bhp,4.0,Mar 2013
18.9 kmpl,1197 cc,935 kg,Petrol,Automatic,82 bhp,4.0,Dec 2016
None,None,1120 kg,Petrol,Manual,None,4.0,Jul 2018
18.9 kmpl,1197 cc,1160 kg,Petrol,Manual,81.86 bhp,4.0,Jul 2017
18.9 kmpl,1197 cc,1120 kg,Petrol,Manual,81.86 bhp,4.0,Aug 2017
23.1 kmpl,998 cc,825 kg,Petrol,Manual,67.04 bhp,3.0,Sept 2018
17 kmpl,1499 cc,1117 kg,Petrol,Manual,None,4.0,Mar 2021
20.7 kmpl,1197 cc,1160 kg,Petrol,Manual,81.86 bhp,4.0,Nov 2022
22.41 kmpl,1197 cc,880-915 kg,Petrol,Manual,88.50 bhp,4.0,Jul 2021
24.52 kmpl,1248 cc,1260 kg,Diesel,Manual,88.5 bhp,4.0,May 2017
24.8 kmpl,1197 cc,920 kg,Petrol,Manual,80.46 bhp,3.0,Jun 2014
26.5 kmpl,1498 cc,1280 kg,Petrol,Automatic,96.55 bhp,4.0,Jan 2023
19.4 kmpl,999 cc,1210 kg,Petrol,Manual,113.98 bhp,3.0,Feb 2023
19.4 kmpl,999 cc,1188 kg,Petrol,Manual,113.98 bhp,3.0,May 2023
24.35 kmpl,998 cc,810-835 kg,Petrol,Manual,65.71 bhp,3.0,Apr 2014
19.47 kmpl,999 cc,1160-1215 kg,Petrol,Manual,113.98 bhp,3.0,Jun 2022
16.35 kmpl,999 cc,1175 kg,Petrol,Automatic,108.62 bhp,4.0,Oct 2020
20.7 kmpl,1197 cc,1100 kg,Petrol,Automatic,81.86 bhp,4.0,Aug 2020
17.5 kmpl,1199 cc,1103 kg,None,Manual,88.7 bhp,4.0,Sept 2017
19.7 kmpl,796 cc,705 kg,Petrol,Manual,46.3 bhp,3.0,Mar 2016
19.4 kmpl,1198 cc,925 kg,Petrol,Manual,86.8 bhp,4.0,Dec 2015
22 kmpl,814 cc,910 kg,Petrol,Manual,None,3.0,May 2016
21.63 kmpl,998 cc,835 kg,Petrol,Manual,67.05 bhp,3.0,Aug 2016
24.35 kmpl,998 cc,810-835 kg,Petrol,Manual,65.71 bhp,3.0,Mar 2013
19.4 kmpl,1198 cc,925 kg,Petrol,Manual,86.8 bhp,4.0,Jul 2012
24.7 kmpl,796 cc,720 kg,Petrol,Manual,47.3 bhp,3.0,Feb 2019
19.4 kmpl,1198 cc,925 kg,Petrol,Manual,86.8 bhp,4.0,Apr 2012
18.7 kmpl,1199 cc,1042 kg,Petrol,Manual,88.7 bhp,4.0,Jul 2016
18.6 kmpl,1197 cc,1066 kg,Petrol,Manual,81.83 bhp,4.0,Jul 2018
17.8 kmpl,1198 cc,955 kg,Petrol,Manual,86.7 bhp,4.0,Oct 2014
None,None,1120 kg,Petrol,Manual,None,4.0,Oct 2019
20.85 kmpl,1197 cc,945 kg,Petrol,Manual,83.14 bhp,4.0,May 2013
18.15 kmpl,1198 cc,1170 kg,Petrol,Manual,82 bhp,3.0,Jun 2018
24 kmpl,1186 cc,1100 kg,Diesel,Manual,73.97 bhp,3.0,May 2018
None,1493 cc,None,Diesel,Automatic,114.41 bhp,4.0,Mar 2022
15.31 kmpl,1498 cc,1259 kg,Petrol,Manual,119 bhp,4.0,None
21.1 kmpl,814 cc,880 kg,Petrol,Manual,55.2 bhp,3.0,Jan 2018
18.9 kmpl,1197 cc,1060 kg,Petrol,Manual,81.86 bhp,4.0,Nov 2015
16.5 kmpl,1499 cc,1290 kg,None,Automatic,110 bhp,4.0,Jul 2021
25.5 kmpl,1498 cc,1198 kg,None,Manual,98.6 bhp,4.0,Oct 2020
17.4 kmpl,999 cc,None,None,Automatic,98.63 bhp,3.0,Jan 2021
20.7 kmpl,1197 cc,1140 kg,Petrol,Automatic,81.86 bhp,4.0,Oct 2021
24.3 kmpl,1248 cc,1185 kg,None,Manual,88.5 bhp,4.0,Jan 2018
21.21 kmpl,1197 cc,860-895 kg,Petrol,Automatic,81.80 bhp,4.0,Sept 2018
None,1997 cc,1745 kg,Diesel,Automatic,183.72 bhp,4.0,Oct 2022
None,2393 cc,None,Diesel,Manual,147.51 bhp,4.0,Oct 2016
23.1 kmpl,998 cc,840 kg,Petrol,Automatic,67.04 bhp,3.0,Feb 2016
16.92 kmpl,1498 cc,1213 kg,Petrol,Automatic,119 bhp,4.0,Jan 2023
24.35 kmpl,998 cc,810-835 kg,Petrol,Manual,65.71 bhp,3.0,Jul 2015
18.1 kmpl,1493 cc,1770 kg,Diesel,Automatic,113.42 bhp,4.0,Jun 2021
17.88 kmpl,1498 cc,1312 kg,Petrol,Automatic,147.51 bhp,4.0,Oct 2022
None,1493 cc,None,Diesel,Automatic,114.41 bhp,4.0,Mar 2022
16.5 kmpl,1353 cc,1535 kg,Petrol,Automatic,138.08 bhp,4.0,Jun 2021
19.62 kmpl,1498 cc,1269 kg,Petrol,Automatic,147.51 bhp,4.0,Jul 2022
19.4 kmpl,1198 cc,925 kg,Petrol,Manual,86.8 bhp,4.0,Mar 2013
19.7 kmpl,796 cc,705 kg,Petrol,Manual,46.3 bhp,3.0,Aug 2015
24.35 kmpl,998 cc,810-835 kg,Petrol,Manual,65.71 bhp,3.0,Nov 2013
24.7 kmpl,796 cc,725 kg,Petrol,Manual,47.3 bhp,3.0,Jun 2015
24.7 kmpl,796 cc,725 kg,Petrol,Manual,47.3 bhp,3.0,Apr 2018
19.7 kmpl,796 cc,705 kg,Petrol,Manual,46.3 bhp,3.0,Dec 2016
23.01 kmpl,999 cc,690 kg,Petrol,Manual,67 bhp,3.0,Oct 2017
17.8 kmpl,1198 cc,955 kg,Petrol,Manual,86.7 bhp,4.0,Jan 2016
24.7 kmpl,1498 cc,1029 kg,Diesel,Manual,98.63 bhp,4.0,Aug 2015
17.8 kmpl,1198 cc,955 kg,Petrol,Manual,86.7 bhp,4.0,Jan 2014
17.8 kmpl,1198 cc,955 kg,Petrol,Manual,86.7 bhp,4.0,Nov 2013
18.65 kmpl,1199 cc,952-986 kg,Petrol,Manual,89 bhp,4.0,Nov 2015
17.8 kmpl,1198 cc,955 kg,Petrol,Manual,86.7 bhp,4.0,Nov 2013
27.39 kmpl,1248 cc,985 kg,Diesel,Manual,74 bhp,4.0,Nov 2017
18.97 kmpl,999 cc,1112-1138 kg,Petrol,Manual,108.62 bhp,3.0,Aug 2021
18.5 kmpl,1194 cc,1026-1044 kg,Petrol,Manual,94.93 bhp,3.0,Jul 2021
17.8 kmpl,1198 cc,955 kg,Petrol,Manual,86.7 bhp,4.0,Jul 2014
21.4 kmpl,1197 cc,935 kg,Petrol,Automatic,83.1 bhp,4.0,Dec 2018
17.8 kmpl,1198 cc,955 kg,Petrol,Manual,86.7 bhp,4.0,Nov 2013
22.54 kmpl,1396 cc,1515 kg,Diesel,Manual,88.73 bhp,4.0,Oct 2016
18.9 kmpl,1197 cc,1140 kg,Petrol,Manual,81.86 bhp,4.0,Aug 2019
18.6 kmpl,1197 cc,1066 kg,Petrol,Manual,81.83 bhp,4.0,May 2015
21.21 kmpl,1197 cc,860-895 kg,Petrol,Manual,81.80 bhp,4.0,Apr 2019
19 kmpl,1199 cc,1066 kg,Petrol,Automatic,88.7 bhp,4.0,2016
21.21 kmpl,1197 cc,860-895 kg,Petrol,Automatic,81.80 bhp,4.0,May 2018
21.21 kmpl,1197 cc,860-895 kg,Petrol,Manual,81.80 bhp,4.0,2018
19.12 kmpl,1373 cc,1010 kg,Petrol,Automatic,91.1 bhp,4.0,Mar 2017
None,1197 cc,1220 kg,CNG,Manual,65.39 bhp,4.0,Nov 2019
21.4 kmpl,1197 cc,910 kg,Petrol,Automatic,83.1 bhp,4.0,Dec 2017
17.03 kmpl,1462 cc,1110-1130 kg,Petrol,Manual,103.26 bhp,4.0,Jul 2023
15.9 kmpl,1496 cc,1221 kg,Petrol,Manual,120.69 bhp,3.0,Aug 2021
15.8 kmpl,1499 cc,1290 kg,None,Manual,110 bhp,4.0,Oct 2020
14 kmpl,1997 cc,1527 kg,Petrol,Manual,None,4.0,May 2017
18.6 kmpl,1197 cc,1140 kg,Petrol,Manual,81.86 bhp,4.0,Aug 2019
21.4 kmpl,1197 cc,880 kg,Petrol,Manual,83.1 bhp,4.0,Nov 2021
12.95 kmpl,1999 cc,1497 kg,None,Automatic,152.88 bhp,4.0,Mar 2017
15 kmpl,1497 cc,None,None,Manual,116 bhp,4.0,Dec 2024
18.6 kmpl,1498 cc,1107-1153 kg,Petrol,Manual,119.35 bhp,4.0,Mar 2023
18.65 kmpl,1199 cc,952-986 kg,Petrol,Manual,89 bhp,4.0,Apr 2024
16.5 kmpl,1499 cc,1290 kg,None,Automatic,110 bhp,4.0,Jun 2020
20.3 kmpl,1199 cc,1052 kg,Petrol,Manual,84 bhp,3.0,Jun 2023
21.7 kmpl,1498 cc,1309 kg,None,Manual,98.96 bhp,4.0,Feb 2021
26.59 kmpl,1248 cc,1070 kg,Diesel,Automatic,74 bhp,4.0,May 2017
18.6 kmpl,1197 cc,1140 kg,Petrol,Manual,81.86 bhp,4.0,Oct 2020
17.1 kmpl,1956 cc,1562 s kg,None,Manual,170 bhp,4.0,Sept 2019
17.1 kmpl,1956 cc,1562 s kg,None,Manual,170 bhp,4.0,2018
21.01 kmpl,1197 cc,865-890 kg,Petrol,Manual,81.80 bhp,4.0,Jan 2022
17.9 kmpl,1482 cc,None,Petrol,Automatic,157.81 bhp,4.0,Sept 2023
17.4 kmpl,1497 cc,1088 kg,Petrol,Manual,117.6 bhp,4.0,Jan 2023
16.92 kmpl,1498 cc,1213 kg,Petrol,Automatic,119 bhp,4.0,Mar 2024
19.81 kmpl,1086 cc,860 kg,Petrol,Manual,68.05 bhp,4.0,Sept 2014
19.81 kmpl,1086 cc,860 kg,Petrol,Manual,68.05 bhp,4.0,Jun 2015
19.7 kmpl,796 cc,705 kg,Petrol,Manual,46.3 bhp,3.0,Jun 2021
21.74 kmpl,999 cc,730 kg,Petrol,Manual,67 bhp,3.0,Oct 2017
19.7 kmpl,796 cc,705 kg,Petrol,Manual,46.3 bhp,3.0,Apr 2016
19.7 kmpl,796 cc,705 kg,Petrol,Manual,46.3 bhp,3.0,Jul 2017
17.8 kmpl,1198 cc,955 kg,Petrol,Manual,86.7 bhp,4.0,Aug 2013
19.81 kmpl,1086 cc,860 kg,Petrol,Manual,68.05 bhp,4.0,Apr 2013
18 kmpl,1198 cc,940 kg,Petrol,Manual,86.7 bhp,4.0,Jun 2015
19.81 kmpl,1086 cc,860 kg,Petrol,Manual,68.05 bhp,4.0,Nov 2015
17.5 kmpl,1199 cc,1103 kg,None,Manual,88.7 bhp,4.0,Apr 2018
17.5 kmpl,1199 cc,1103 kg,None,Manual,88.7 bhp,4.0,Nov 2018
18.9 kmpl,1197 cc,1100 kg,Petrol,Manual,81.86 bhp,4.0,May 2018
26 kmpl,1498 cc,1150 kg,Diesel,Manual,98.6 bhp,4.0,Sept 2016
28.09 kmpl,1248 cc,1115 kg,Diesel,Manual,88.5 bhp,4.0,Sept 2016
26 kmpl,1498 cc,1150 kg,Diesel,Manual,98.6 bhp,4.0,Jul 2014
20.85 kmpl,1197 cc,965 kg,Petrol,Manual,83.14 bhp,4.0,Dec 2018
17.5 kmpl,1199 cc,1084 kg,None,Manual,88.7 bhp,4.0,May 2019
21.46 kmpl,999 cc,699 kg,Petrol,Manual,67.06 bhp,3.0,Jun 2022
21.21 kmpl,1197 cc,855-885 kg,Petrol,Manual,81.80 bhp,4.0,Sept 2016
17.4 kmpl,1497 cc,1049 kg,Petrol,Manual,117.3 bhp,4.0,Jul 2014
18.6 kmpl,1197 cc,1066 kg,Petrol,Manual,81.83 bhp,4.0,Aug 2017
17.7 kmpl,1497 cc,None,Petrol,Automatic,113.42 bhp,4.0,May 2022
17.4 kmpl,1497 cc,1088 kg,Petrol,Manual,117.6 bhp,4.0,Jan 2023
16.5 kmpl,1353 cc,1515 kg,Petrol,Manual,138.08 bhp,4.0,Oct 2020
23.7 kmpl,1498 cc,1360 kg,Diesel,Manual,98.6 bhp,4.0,Jun 2019
18.4 kmpl,1493 cc,1192 kg,Diesel,Manual,81.86 bhp,4.0,Feb 2021
19.33 kmpl,1199 cc,None,Petrol,Manual,86.79 bhp,3.0,2023
21.5 kmpl,1497 cc,1305 kg,Diesel,Manual,108.5 bhp,4.0,Jul 2021
24.39 kmpl,998 cc,None,Petrol,Manual,65.71 bhp,3.0,Nov 2016
None,2694 cc,1730 kg,Petrol,Manual,163.60 bhp,4.0,Nov 2022
16.4 kmpl,1497 cc,1085 kg,Petrol,Automatic,None,4.0,Jan 2023
16.35 kmpl,1956 cc,1660 kg,Diesel,Manual,167.67 bhp,4.0,Oct 2021
19.7 kmpl,796 cc,705 kg,Petrol,Manual,46.3 bhp,3.0,Nov 2017
25.17 kmpl,799 cc,710 kg,Petrol,Manual,53.3 bhp,3.0,Mar 2016
25.17 kmpl,799 cc,710 kg,Petrol,Manual,53.3 bhp,3.0,Mar 2017
19.7 kmpl,796 cc,705 kg,Petrol,Manual,46.3 bhp,3.0,Sept 2020
19.81 kmpl,1086 cc,860 kg,Petrol,Manual,68.05 bhp,4.0,May 2015
21.1 kmpl,814 cc,880 kg,Petrol,Manual,55.2 bhp,3.0,Jul 2017
17 kmpl,1197 cc,1020 kg,Petrol,Manual,None,4.0,Nov 2012
20.71 kmpl,799 cc,750 kg,Petrol,Manual,53.64 bhp,3.0,Apr 2022
24.7 kmpl,1498 cc,1029 kg,Diesel,Manual,98.63 bhp,4.0,May 2013
16.47 kmpl,1198 cc,1049 kg,Petrol,Manual,74 bhp,3.0,Aug 2013
21.21 kmpl,1197 cc,855-885 kg,Petrol,Manual,81.80 bhp,4.0,Apr 2012
21.21 kmpl,1197 cc,855-885 kg,Petrol,Manual,81.80 bhp,4.0,May 2016
21.46 kmpl,999 cc,None,Petrol,Manual,67.06 bhp,3.0,Feb 2025
27.39 kmpl,1248 cc,985 kg,Diesel,Manual,74 bhp,4.0,Mar 2019
14.7 kmpl,1496 cc,1300 kg,Petrol,Automatic,120.69 bhp,3.0,Feb 2018
30.48 km/kg,1086 cc,1070 kg,CNG,Manual,59.17 bhp,4.0,Oct 2019
22.77 kmpl,1498 cc,1240 kg,None,Manual,98.59 bhp,4.0,Jul 2016
28.4 kmpl,1248 cc,955-990 kg,Diesel,Manual,74.02 bhp,4.0,Sept 2018
20.85 kmpl,1197 cc,945 kg,Petrol,Manual,83.14 bhp,4.0,Dec 2015
18.6 kmpl,1199 cc,917 kg,Petrol,Manual,88.76 bhp,4.0,Feb 2020
17.8 kmpl,1497 cc,1049 kg,Petrol,Manual,117.3 bhp,4.0,Aug 2015
20.51 kmpl,998 cc,890 kg,Petrol,Automatic,67 bhp,3.0,May 2019
18.6 kmpl,1197 cc,1066 kg,Petrol,Manual,81.83 bhp,4.0,Dec 2017
18.3 kmpl,1199 cc,945 kg,Petrol,Automatic,88.76 bhp,4.0,Mar 2017
19.4 kmpl,999 cc,1210 kg,Petrol,Manual,113.98 bhp,3.0,Jun 2023
19.3 kmpl,1968 cc,1395 kg,Diesel,Automatic,141 bhp,4.0,Sept 2015
19.5 kmpl,1968 cc,1395 kg,Diesel,Automatic,141 bhp,4.0,May 2018
21.38 kmpl,1396 cc,1260 kg,None,Manual,88.7 bhp,4.0,Oct 2017
22 kmpl,1582 cc,1285 kg,Diesel,Automatic,126.2 bhp,4.0,Aug 2018
24 km/kg,1197 cc,1100 kg,CNG,Manual,68.05 bhp,4.0,Aug 2021
16.4 kmpl,1497 cc,1085 kg,Petrol,Automatic,None,4.0,Jan 2023
None,2393 cc,1860 kg,Diesel,Manual,147.51 bhp,7.0,Oct 2019
16.35 kmpl,1956 cc,1725 kg,Diesel,Manual,167.67 bhp,4.0,May 2022
17 kmpl,1497 cc,None,Petrol,Manual,113.42 bhp,4.0,Oct 2022
16.92 kmpl,1498 cc,1213 kg,Petrol,Automatic,119 bhp,4.0,Oct 2024
18.6 kmpl,1497 cc,None,Petrol,Manual,113.18 bhp,4.0,2024
18.45 kmpl,1497 cc,1200 kg,Petrol,Automatic,113.18 bhp,4.0,Jul 2023
10.01 kmpl,2694 cc,2160 kg,None,Manual,163.7 bhp,4.0,May 2017
17 kmpl,1497 cc,1100 kg,Petrol,Manual,None,4.0,Jan 2023
18.6 kmpl,1197 cc,1066 kg,Petrol,Manual,81.83 bhp,4.0,Feb 2024
21.38 kmpl,1396 cc,1260 kg,None,Manual,88.7 bhp,4.0,Feb 2017
19.81 kmpl,1086 cc,860 kg,Petrol,Manual,68.05 bhp,4.0,2015
None,None,1316 kg,None,Automatic,56.21 bhp,None,2023
19.76 kmpl,999 cc,1193-1248 kg,Petrol,Manual,113.98 bhp,3.0,Jun 2023
18.27 kmpl,998 cc,1340 kg,Petrol,Manual,118.35 bhp,3.0,Aug 2024
18.15 kmpl,998 cc,1440 kg,Petrol,Automatic,118.35 bhp,3.0,Jun 2019
18.15 kmpl,998 cc,1440 kg,Petrol,Automatic,118.35 bhp,3.0,Sept 2019
18.15 kmpl,998 cc,1440 kg,Petrol,Automatic,118.35 bhp,3.0,Dec 2019
20.5 kmpl,1197 cc,1050 kg,Petrol,Manual,81.86 bhp,4.0,Jul 2021
22.1 kmpl,1396 cc,1240 kg,Diesel,Manual,88.7 bhp,4.0,Apr 2018
21.74 kmpl,999 cc,730 kg,Petrol,Manual,67 bhp,3.0,Mar 2019
22.25 kmpl,799 cc,690 kg,Petrol,Manual,53.26 bhp,3.0,May 2016
17 kmpl,1197 cc,1020 kg,Petrol,Manual,None,4.0,May 2012
19.81 kmpl,1086 cc,860 kg,Petrol,Manual,68.05 bhp,4.0,Feb 2013
23.01 kmpl,999 cc,710 kg,Petrol,Manual,67 bhp,3.0,May 2018
18.5 kmpl,1198 cc,930 kg,Petrol,Manual,86.8 bhp,4.0,Mar 2015
27.28 kmpl,1047 cc,1050 kg,Diesel,Manual,69 bhp,3.0,Jun 2018
28.4 kmpl,1248 cc,960 kg,Diesel,Manual,74 bhp,4.0,Oct 2016
20.3 kmpl,1199 cc,1052 kg,Petrol,Manual,84 bhp,3.0,Apr 2022
16 kmpl,1194 cc,1081-1094 kg,Petrol,Automatic,95.48 bhp,3.0,Nov 2021
18.6 kmpl,1197 cc,1066 kg,Petrol,Manual,81.83 bhp,4.0,Sept 2016
18 kmpl,1497 cc,1085 kg,Petrol,Automatic,117.3 bhp,4.0,Nov 2015
18.6 kmpl,1199 cc,905 kg,Petrol,Manual,88.76 bhp,4.0,Jul 2020
20.52 kmpl,1197 cc,830-845 kg,Petrol,Automatic,81.80 bhp,4.0,2020
None,2393 cc,None,Diesel,Manual,147.51 bhp,4.0,Jul 2016
20 kmpl,1482 cc,None,Petrol,Manual,157.57 bhp,4.0,May 2024
16.35 kmpl,1956 cc,1675 kg,Diesel,Manual,167.67 bhp,4.0,Aug 2021
17.23 kmpl,999 cc,1255 kg,None,Automatic,113.98 bhp,3.0,Dec 2023
24.1 kmpl,1493 cc,None,Diesel,Manual,114 bhp,4.0,Mar 2024
20.8 kmpl,1493 cc,1535 kg,Diesel,Manual,113.43 bhp,4.0,2022
18.12 kmpl,999 cc,1224 kg,Petrol,Automatic,113.98 bhp,3.0,Jun 2023
17 kmpl,1497 cc,1100 kg,Petrol,Manual,None,4.0,Feb 2023
18.2 kmpl,998 cc,1245 kg,Petrol,Automatic,118.36 bhp,3.0,Oct 2023
23.7 kmpl,1498 cc,1360 kg,Diesel,Manual,98.6 bhp,4.0,Aug 2019
16.5 kmpl,1353 cc,1535 kg,Petrol,Automatic,138.08 bhp,4.0,Oct 2020
19.67 kmpl,1582 cc,1300 kg,None,Manual,126.2 bhp,4.0,Nov 2017
16.65 kmpl,1956 cc,1860 kg,Diesel,Manual,167.67 bhp,4.0,Apr 2023
16.8 kmpl,1497 cc,1404 kg,Petrol,Manual,113.43 bhp,4.0,2020
19.67 kmpl,1582 cc,1280 kg,None,Manual,126.2 bhp,4.0,Mar 2016
None,2494 cc,1675 kg,Diesel,Manual,100.6 bhp,4.0,Oct 2013
13.47 kmpl,1984 cc,1970 kg,Petrol,Automatic,245.59 bhp,4.0,2023
11 kmpl,1397 cc,1465 kg,Petrol,Automatic,138.12 bhp,4.0,Apr 2022
None,1493 cc,1468 kg,Diesel,Automatic,113.43 bhp,4.0,Nov 2019
19.2 kmpl,998 cc,1260 kg,Petrol,Automatic,118.41 bhp,3.0,Jul 2021
17.7 kmpl,1497 cc,None,Petrol,Automatic,113.42 bhp,4.0,Jul 2023
17.1 kmpl,1591 cc,1198 kg,Petrol,Automatic,121.4 bhp,4.0,Jun 2021
None,2393 cc,None,Diesel,Manual,147.51 bhp,4.0,Nov 2019
None,1950 cc,2150 kg,Diesel,Automatic,241.38 bhp,4.0,Nov 2021
19.81 kmpl,1086 cc,860 kg,Petrol,Manual,68.05 bhp,4.0,Aug 2010
22.05 kmpl,796 cc,755 kg,Petrol,Manual,47.33 bhp,3.0,2020
19.15 kmpl,1198 cc,1100 kg,Petrol,Automatic,75.94 bhp,3.0,Apr 2016
23.9 kmpl,1582 cc,1230 kg,Diesel,Manual,126.2 bhp,4.0,Sept 2016
21.01 kmpl,1197 cc,865-890 kg,Petrol,Manual,81.80 bhp,4.0,Feb 2021
14.8 kmpl,1497 cc,1320 kg,None,Automatic,121.36 bhp,3.0,Oct 2018
13 kmpl,1591 cc,1280 kg,None,Automatic,121.3 bhp,4.0,Feb 2019
17.4 kmpl,999 cc,None,None,None,98.63 bhp,None,Sept 2023
22 kmpl,1582 cc,1285 kg,Diesel,Automatic,126.2 bhp,4.0,Jan 2018
22.1 kmpl,1396 cc,1200 kg,Diesel,Manual,88.7 bhp,4.0,Apr 2019
19.4 kmpl,1198 cc,925 kg,Petrol,Manual,86.8 bhp,4.0,Jul 2015
17.4 kmpl,999 cc,None,None,Automatic,98.63 bhp,3.0,Sept 2023
20.3 kmpl,1086 cc,990 kg,Petrol,Manual,68.05 bhp,4.0,Jul 2019
None,2393 cc,None,Diesel,Manual,147.51 bhp,4.0,Nov 2018
19.6 kmpl,1497 cc,None,Petrol,Automatic,113.18 bhp,4.0,Jul 2023
None,1332 cc,1395 kg,Petrol,Automatic,160.92 bhp,4.0,2023
17.33 kmpl,1199 cc,None,Petrol,Manual,118.35 bhp,3.0,Aug 2022
20 kmpl,1482 cc,None,Petrol,Manual,157.57 bhp,4.0,Apr 2023
None,2494 cc,1675 kg,Diesel,Manual,100.6 bhp,4.0,Mar 2016
21.74 kmpl,999 cc,730 kg,Petrol,Manual,67 bhp,3.0,Dec 2021
19.81 kmpl,1086 cc,860 kg,Petrol,Manual,68.05 bhp,4.0,May 2015
19.7 kmpl,796 cc,705 kg,Petrol,Manual,46.3 bhp,3.0,Apr 2013
17 kmpl,1497 cc,1100 kg,Petrol,Manual,None,4.0,Feb 2011
None,1493 cc,1430 kg,Diesel,Manual,113.98 bhp,4.0,Jun 2022
16.4 kmpl,1497 cc,1085 kg,Petrol,Automatic,None,4.0,Jan 2023
18.1 kmpl,1199 cc,985 kg,Petrol,Automatic,88.7 bhp,4.0,Jan 2018
16.42 kmpl,1498 cc,1315 kg,Petrol,Manual,104.55 bhp,4.0,Aug 2021
17 kmpl,1197 cc,1435 kg,None,Manual,110 bhp,3.0,Apr 2019
18 kmpl,1497 cc,1065 kg,Petrol,Automatic,117.3 bhp,4.0,Oct 2014
17.4 kmpl,1497 cc,1063 kg,Petrol,Manual,117.60 bhp,4.0,Nov 2014
26.6 km/kg,998 cc,960 kg,CNG,Manual,58.16 bhp,3.0,May 2017
21.66 kmpl,1498 cc,1182 kg,Diesel,Automatic,103.52 bhp,4.0,Dec 2014
23.64 kmpl,1497 cc,1187 kg,Diesel,Manual,88.77 bhp,4.0,Jul 2021
14.6 kmpl,1956 cc,1675 kg,Diesel,Automatic,167.67 bhp,4.0,Mar 2022
18.31 kmpl,998 cc,None,Petrol,Automatic,118 bhp,3.0,Dec 2021
26.49 km/kg,1199 cc,None,CNG,Manual,74.46 bhp,3.0,May 2023
18.8 kmpl,1199 cc,1130 kg,Petrol,Automatic,86.63 bhp,3.0,Jul 2022
22 kmpl,1582 cc,1285 kg,Diesel,Automatic,126.2 bhp,4.0,Sept 2017
None,1493 cc,kerb weight kg,Diesel,Automatic,113.43 bhp,4.0,Nov 2020
19.2 kmpl,998 cc,1260 kg,Petrol,Automatic,118.41 bhp,3.0,Apr 2022
14 kmpl,2755 cc,None,Diesel,Manual,201.15 bhp,4.0,Jan 2024
None,1332 cc,1395 kg,Petrol,Automatic,160.92 bhp,4.0,2023
17.33 kmpl,1199 cc,1230 kg,Petrol,Manual,118.35 bhp,3.0,Apr 2023
27.39 kmpl,1248 cc,960-985 kg,Diesel,Manual,74 bhp,4.0,Feb 2020
27.39 kmpl,1248 cc,960-985 kg,Diesel,Manual,74 bhp,4.0,Jun 2021
26.49 km/kg,1199 cc,None,CNG,Manual,74.46 bhp,3.0,Feb 2018
23.84 kmpl,1199 cc,1012 kg,Petrol,Automatic,83.83 bhp,3.0,Jul 2020
20.28 kmpl,998 cc,1280 kg,Petrol,Automatic,118.36 bhp,3.0,Apr 2021
26.6 km/kg,998 cc,960 kg,CNG,Manual,58.16 bhp,3.0,Mar 2017
21.21 kmpl,1197 cc,855-885 kg,Petrol,Manual,81.80 bhp,4.0,Dec 2016
21.21 kmpl,1197 cc,855-885 kg,Petrol,Manual,81.80 bhp,4.0,Jul 2017
21.19 kmpl,1497 cc,1395 kg,Diesel,Manual,108.49 bhp,4.0,Aug 2023
18.31 kmpl,998 cc,None,Petrol,Automatic,118 bhp,3.0,Apr 2022
18.31 kmpl,998 cc,None,Petrol,Automatic,118 bhp,3.0,Feb 2021
17.03 kmpl,1462 cc,1110-1130 kg,Petrol,Manual,103.26 bhp,4.0,Aug 2021
17.01 kmpl,1582 cc,1320 kg,None,Automatic,126.2 bhp,4.0,Mar 2017
18.31 kmpl,998 cc,None,Petrol,Automatic,118 bhp,3.0,Jul 2021
21.19 kmpl,1497 cc,1395 kg,Diesel,Manual,108.49 bhp,4.0,Aug 2023
20.51 kmpl,1462 cc,1150-1205 kg,Petrol,Manual,101.65 bhp,4.0,Nov 2023
27.1 km/kg,1197 cc,None,CNG,Manual,67.72 bhp,4.0,May 2024
26.49 km/kg,1199 cc,None,CNG,Manual,74.47 bhp,3.0,Jan 2026
17.5 kmpl,1373 cc,1175 kg,Petrol,Manual,91.1 bhp,4.0,Aug 2021
17.6 kmpl,1582 cc,1340 kg,Diesel,Automatic,126.2 bhp,4.0,Jul 2020
24.39 kmpl,998 cc,None,Petrol,Manual,65.71 bhp,3.0,Feb 2024
10.91 kmpl,3198 cc,1879 kg,None,Automatic,197 bhp,4.0,Jul 2018
19.01 kmpl,1462 cc,1135-1170 kg,Petrol,Manual,103.26 bhp,4.0,Dec 2020
17.5 kmpl,1373 cc,1180 kg,Petrol,Manual,91.1 bhp,4.0,Aug 2020
13 kmpl,1999 cc,None,Petrol,Automatic,197 bhp,4.0,Jan 2023
18 kmpl,1493 cc,1565 kg,Diesel,Manual,113.45 bhp,4.0,Jun 2023
14 kmpl,2755 cc,None,Diesel,Automatic,201.15 bhp,4.0,Mar 2023
18.15 kmpl,1198 cc,1175 kg,None,Manual,82 bhp,3.0,Nov 2017
26.49 km/kg,1199 cc,1030 kg,CNG,Manual,72.40 bhp,3.0,Mar 2022
26.49 km/kg,1199 cc,None,CNG,Manual,74.46 bhp,3.0,Mar 2022
26.49 km/kg,1199 cc,None,CNG,Manual,74.46 bhp,3.0,Sept 2022
22.1 kmpl,1396 cc,1200 kg,Diesel,Manual,88.7 bhp,4.0,Feb 2019
None,1968 cc,1830 kg,Diesel,Automatic,174.3 bhp,4.0,Apr 2014
None,2993 cc,1890 kg,Diesel,Automatic,261.50 bhp,6.0,Nov 2020
None,None,None,None,Automatic,73.75 bhp,None,May 2023
22.38 kmpl,1197 cc,875-905 kg,Petrol,Manual,88.50 bhp,4.0,Aug 2016
20.92 kmpl,998 cc,760 kg,Petrol,Manual,67.1 bhp,3.0,Nov 2010
17.3 kmpl,1497 cc,1650 s kg,Diesel,Manual,121 bhp,4.0,Apr 2019
17.5 kmpl,1373 cc,1175 kg,Petrol,Manual,91.1 bhp,4.0,Jul 2016
17.29 kmpl,1493 cc,None,None,Manual,98.56 bhp,3.0,Oct 2022
22.38 kmpl,1197 cc,875-905 kg,Petrol,Manual,88.50 bhp,4.0,Dec 2021
9 kmpl,2184 cc,None,None,Automatic,130.07 bhp,4.0,May 2022
9 kmpl,2184 cc,1755 kg,None,Automatic,130 bhp,4.0,Nov 2022
24.8 kmpl,1197 cc,920 kg,Petrol,Manual,80.46 bhp,3.0,Jun 2013
23.9 kmpl,1582 cc,1270 kg,Diesel,Manual,126.2 bhp,4.0,Apr 2013
26.08 km/kg,1462 cc,1235 kg,CNG,Manual,91.19 bhp,4.0,Aug 2021
12.55 kmpl,2982 cc,1880 kg,None,Automatic,168.5 bhp,4.0,Oct 2015
12.55 kmpl,2982 cc,1880 kg,None,Automatic,168.5 bhp,4.0,Apr 2015
26.08 km/kg,1462 cc,1235 kg,CNG,Manual,91.19 bhp,4.0,Dec 2021
24.04 kmpl,999 cc,730 kg,Petrol,Automatic,67 bhp,3.0,Mar 2018
17.05 kmpl,1995 cc,1550 kg,None,Automatic,188 bhp,4.0,Aug 2015
None,1995 cc,1590 kg,Diesel,Automatic,188 bhp,4.0,Jan 2018
18.49 kmpl,1493 cc,1755 kg,None,Manual,100 bhp,3.0,2016
22.05 kmpl,796 cc,755 kg,Petrol,Manual,47.33 bhp,3.0,2019
18.6 kmpl,1197 cc,1066 kg,Petrol,Manual,81.83 bhp,4.0,2015
25.4 kmpl,1186 cc,1080 kg,Diesel,Manual,73.97 bhp,3.0,2019
23.84 kmpl,1199 cc,1012 kg,Petrol,Manual,84 bhp,3.0,2018
22.54 kmpl,1396 cc,1515 kg,Diesel,Manual,88.73 bhp,4.0,2017
19.81 kmpl,1086 cc,860 kg,Petrol,Manual,68.05 bhp,4.0,2013
16.25 kmpl,1198 cc,1070 kg,Petrol,Manual,73.9 bhp,3.0,2011
22.5 kmpl,999 cc,750 kg,Petrol,Manual,67 bhp,3.0,2017
18 kmpl,1198 cc,950 kg,Petrol,Manual,86.7 bhp,4.0,2015
19.1 kmpl,1197 cc,970 kg,Petrol,Manual,85.8 bhp,4.0,2013
19.1 kmpl,1197 cc,970 kg,Petrol,Manual,85.8 bhp,4.0,2014
25.83 kmpl,1498 cc,1040-1130 kg,Diesel,Manual,99 bhp,4.0,2016
None,1086 cc,854 kg,Petrol,Manual,62 bhp,4.0,2011
19.81 kmpl,1086 cc,860 kg,Petrol,Manual,68.05 bhp,4.0,2014
20.36 kmpl,1197 cc,930 kg,Petrol,Manual,78.9 bhp,4.0,2014
20.36 kmpl,1197 cc,1100 kg,Petrol,Manual,78.9 bhp,4.0,2015
20.65 kmpl,1248 cc,1155 kg,Diesel,Manual,88.7 bhp,4.0,2015
20.36 kmpl,1197 cc,930 kg,Petrol,Manual,78.9 bhp,4.0,2012
20.36 kmpl,1197 cc,930 kg,Petrol,Manual,78.9 bhp,4.0,2013
18.9 kmpl,1197 cc,1060 kg,Petrol,Manual,81.86 bhp,4.0,2017
20.09 kmpl,1199 cc,1100 kg,Petrol,Manual,84.82 bhp,3.0,2020
25.4 kmpl,1186 cc,1100 kg,Diesel,Manual,73.97 bhp,3.0,2017
23.84 kmpl,1199 cc,980 kg,Petrol,Manual,84 bhp,3.0,2017
18.6 kmpl,1197 cc,1066 kg,Petrol,Manual,81.83 bhp,4.0,2015
24 kmpl,1120 cc,1025 kg,Diesel,Manual,70 bhp,3.0,2016
17.4 kmpl,1497 cc,1042 kg,Petrol,Manual,117.3 bhp,4.0,2015
22.54 kmpl,1396 cc,1160 kg,Diesel,Manual,88.76 bhp,4.0,2019
17.4 kmpl,1497 cc,1063 kg,Petrol,Manual,117.6 bhp,4.0,2018
18.5 kmpl,1197 cc,1040 kg,Petrol,Manual,82.85 bhp,4.0,2014
19.5 kmpl,1199 cc,917 kg,Petrol,Manual,88.76 bhp,4.0,2019
19.81 kmpl,1086 cc,860 kg,Petrol,Manual,68.05 bhp,4.0,2016
18.6 kmpl,1197 cc,1066 kg,Petrol,Manual,81.83 bhp,4.0,2015
19.1 kmpl,1197 cc,1160 kg,Petrol,Manual,82 bhp,4.0,2014
18 kmpl,1497 cc,1100 kg,Petrol,Automatic,117.6 bhp,4.0,2019
18.6 kmpl,1199 cc,907-934 kg,Petrol,Manual,88.50 bhp,4.0,2022
15.8 kmpl,1591 cc,1260 kg,Petrol,Manual,121.3 bhp,4.0,2018
14 kmpl,1956 cc,None,Diesel,Manual,167.62 bhp,4.0,2023
19.81 kmpl,1086 cc,860 kg,Petrol,Manual,68.05 bhp,4.0,2016
17.88 kmpl,1498 cc,1312 kg,None,Automatic,147.51 bhp,4.0,2024
17.1 kmpl,1956 cc,1551 s kg,None,Manual,170.63 bhp,4.0,2018
17.7 kmpl,1497 cc,None,Petrol,Automatic,113.42 bhp,4.0,2023
21.12 kmpl,1462 cc,1145-1290 kg,Petrol,Manual,101.64 bhp,4.0,2023
12.65 kmpl,1984 cc,1703 kg,Petrol,Automatic,187.74 bhp,4.0,2023
20.92 kmpl,998 cc,760 kg,Petrol,Manual,67.1 bhp,3.0,2014
23.59 kmpl,1364 cc,920 kg,Diesel,Manual,None,4.0,2012
19.83 kmpl,1198 cc,882 kg,Petrol,Manual,67 bhp,3.0,2019
25.8 kmpl,1498 cc,1065 kg,Diesel,Manual,98.6 bhp,4.0,2017
20.51 kmpl,998 cc,885 kg,Petrol,Manual,67.04 bhp,3.0,2017
23.84 kmpl,1199 cc,1012 kg,Petrol,Manual,84 bhp,3.0,2017
18.9 kmpl,998 cc,870 kg,Petrol,Manual,67.1 bhp,3.0,2012
20.51 kmpl,998 cc,885 kg,Petrol,Manual,67.04 bhp,3.0,2014
18.9 kmpl,998 cc,885 kg,Petrol,Manual,67.1 bhp,3.0,2012
17.57 kmpl,1193 cc,1115 kg,Petrol,Manual,88.7 bhp,4.0,2018
23.01 kmpl,999 cc,730 kg,Petrol,Manual,67 bhp,3.0,2018
20.51 kmpl,998 cc,870 kg,Petrol,Manual,67.04 bhp,3.0,2013
18.9 kmpl,998 cc,885 kg,Petrol,Manual,67.1 bhp,3.0,2011
23.08 kmpl,1461 cc,1008 kg,Diesel,Manual,63.1 bhp,4.0,2011
19.83 kmpl,1198 cc,882 kg,Petrol,Manual,67 bhp,3.0,2019
23.1 kmpl,998 cc,835 kg,Petrol,Manual,67.04 bhp,3.0,2014
21.1 kmpl,814 cc,860 kg,Petrol,Manual,55.2 bhp,3.0,2012
24.4 kmpl,1120 cc,1100 kg,Diesel,Manual,71 bhp,3.0,2014
23.4 kmpl,1248 cc,1080 kg,Diesel,Manual,74 bhp,4.0,2013
14.53 kmpl,1798 cc,1340 kg,Petrol,Manual,138.1 bhp,4.0,2009
20.51 kmpl,998 cc,885 kg,Petrol,Manual,67.04 bhp,3.0,2016
20.51 kmpl,998 cc,870 kg,Petrol,Manual,67.04 bhp,3.0,2013
20.36 kmpl,1197 cc,930 kg,Petrol,Manual,78.9 bhp,4.0,2008
18.06 kmpl,1198 cc,940 kg,Petrol,Manual,75 bhp,3.0,2012
15.29 kmpl,1591 cc,1,300 kg,None,Manual,121.3 bhp,4.0,2017
17.6 kmpl,1496 cc,920 kg,Petrol,Manual,88.73 bhp,4.0,2011
27.39 kmpl,1248 cc,985 kg,Diesel,Manual,74 bhp,4.0,2016
19.95 kmpl,1248 cc,945 kg,Diesel,Manual,74.02 bhp,4.0,2018
17.8 kmpl,1198 cc,955 kg,Petrol,Manual,86.7 bhp,4.0,2016
26.59 kmpl,1248 cc,1045 kg,Diesel,Manual,74 bhp,4.0,2017
19.5 kmpl,1199 cc,921 kg,Petrol,Manual,88.76 bhp,4.0,2019
21.21 kmpl,1197 cc,860-895 kg,Petrol,Manual,81.80 bhp,4.0,2018
20.14 kmpl,1197 cc,1120 kg,Petrol,Manual,81.86 bhp,4.0,2018
20.85 kmpl,1197 cc,945 kg,Petrol,Manual,83.14 bhp,4.0,2016
22.54 kmpl,1396 cc,1515 kg,Diesel,Manual,88.73 bhp,4.0,2016
21.4 kmpl,1197 cc,880 kg,Petrol,Manual,83.1 bhp,4.0,2017
17.01 kmpl,1591 cc,None,Petrol,Manual,121.3 bhp,4.0,2017
26.59 kmpl,1248 cc,1055 kg,Diesel,Manual,74 bhp,4.0,2016
20.89 kmpl,1197 cc,835 kg,Petrol,Manual,81.80 bhp,4.0,2017
21.9 kmpl,1396 cc,1120 kg,Diesel,Manual,88.76 bhp,4.0,2013
20.51 kmpl,998 cc,895 kg,Petrol,Automatic,67 bhp,3.0,2019
26 kmpl,1498 cc,1125 kg,Diesel,Manual,98.6 bhp,4.0,2016
None,None,None,None,None,None,None,None
17.1 kmpl,1956 cc,1551 s kg,None,Manual,170 bhp,4.0,2019
19 kmpl,999 cc,1160-1216 kg,Petrol,Manual,113.98 bhp,3.0,2023
19.28 kmpl,1199 cc,1030 kg,Petrol,Manual,84.82 bhp,3.0,2022
17.1 kmpl,1956 cc,1562 s kg,None,Manual,170 bhp,4.0,2018
12.34 kmpl,1451 cc,None,Petrol,Automatic,141.04 bhp,4.0,2024
11.67 kmpl,1451 cc,1820 kg,Petrol,Automatic,141 bhp,4.0,2020
19.4 kmpl,1198 cc,925 kg,Petrol,Manual,86.8 bhp,4.0,2013
17.8 kmpl,1496 cc,1135 kg,Petrol,Automatic,105.5 bhp,4.0,2018
25.1 kmpl,1248 cc,1230 kg,None,Manual,88.5 bhp,4.0,2018
11 kmpl,2694 cc,None,Petrol,Manual,163.60 bhp,4.0,Jan 2023
14.2 kmpl,2198 cc,2238 kg,Diesel,Automatic,158.2 bhp,4.0,2020
18.9 kmpl,1197 cc,1120 kg,Petrol,Manual,81.86 bhp,4.0,Mar 2017
None,1995 cc,1690 kg,Diesel,Automatic,187.7 bhp,4.0,2021
20.32 kmpl,999 cc,1160-1216 kg,Petrol,Manual,114 bhp,3.0,2025
21.38 kmpl,1396 cc,1240 kg,None,Manual,88.7 bhp,4.0,2016
18.9 kmpl,1197 cc,1120 kg,Petrol,Manual,81.86 bhp,4.0,Mar 2017
18.9 kmpl,1197 cc,1120 kg,Petrol,Manual,81.86 bhp,4.0,Mar 2017
18.9 kmpl,1197 cc,935 kg,Petrol,Manual,82 bhp,4.0,Mar 2016
17.2 kmpl,2523 cc,1620 kg,Diesel,Manual,65.03 bhp,4.0,2022
11 kmpl,2694 cc,None,Petrol,Manual,163.60 bhp,4.0,Jan 2023
18.9 kmpl,1197 cc,1100 kg,Petrol,Manual,81.86 bhp,4.0,Jul 2016
19.81 kmpl,1086 cc,860 kg,Petrol,Manual,68.05 bhp,4.0,Nov 2016
