Engine,No. of Cylinders,Drive Type,Transmission,Fuel Type,Engine Type,Valves Per Cylinder,Power
1984 cc,4.0,FWD,Automatic,Petrol,2.0L Turbocharged Petrol,4.0,187.74 bhp
1353 cc,4.0,FWD,Manual,Petrol,SMARTSTREAM G1.5,4.0,113.43 bhp
1462 cc,4.0,2WD,Automatic,Petrol,,4.0,101.64 bhp
1462 cc,4.0,FWD,Manual,Petrol,K15C With Mild Hybrid System,4.0,101.64 bhp
1956 cc,4.0,FWD,Manual,Diesel,Kryotec 2.0L,4.0,167.62 bhp
1197 cc,4.0,FWD,Automatic,Petrol,TSI Petrol Engine,4.0,103.2 bhp
999 cc,3.0,FWD,Manual,Petrol,ENERGY Engine,4.0,71.01 bhp
1493 cc,3.0,RWD,Manual,Diesel,mHAWK D70 Diesel Engine,4.0,70 bhp
1498 cc,4.0,FWD,Automatic,Petrol,1.5L TSI EVO with ACT,4.0,147.51 bhp
1197 cc,4.0,RWD,Manual,Petrol,K12N,4.0,79.65 bhp
998 cc,3.0,FWD,Manual,Petrol,Smartstream G1.0 T - GDi,4.0,118.36 bhp
1199 cc,4.0,FWD,Automatic,Petrol,i-VTEC Petrol Engine,4.0,88.7 bhp
2956 cc,4.0,FWD,Manual,Diesel,VTT DICOR Engine,4.0,138.03 bhp
1497 cc,4.0,2WD,Automatic,Petrol,SmartStream G1.5,4.0,113.42 bhp
,,,,,,,
1956 cc,4.0,,Manual,Diesel,2.0L Turbocharged Diesel,4.0,167.67 bhp
1462 cc,4.0,FWD,Manual,Petrol,K15C Smart Hybrid,4.0,101.64 bhp
1497 cc,4.0,,Manual,Petrol,i-VTEC,4.0,117.60 bhp
1197 cc,4.0,FWD,Manual,Petrol,Kappa VTVT Petrol Engine,4.0,81.83 bhp
1199 cc,3.0,FWD,Manual,Petrol,Revotron Engine,4.0,84 bhp
1956 cc,4.0,FWD,Manual,Diesel,,4.0,167.68 bhp
1248 cc,4.0,FWD,Automatic,Diesel,DDIS 200 Engine,4.0,88.50 bhp
999 cc,3.0,FWD,Manual,Petrol,Petrol Engine,4.0,67 bhp
1497 cc,4.0,2WD,Manual,Petrol,SmartStream G1.5,4.0,113.42 bhp
1353 cc,4.0,FWD,Manual,Petrol,Smartstream G1.4,4.0,138.08 bhp
1497 cc,3.0,FWD,Manual,Petrol,Ti-VCT Petrol Engine,4.0,121.31 bhp
2996 cc,6.0,AWD,Automatic,Petrol,V Type Petrol Engine,4.0,384.87 bhp
1197 cc,4.0,FWD,Manual,Petrol,K Series VVT Engine,4.0,81.80 bhp
1197 cc,4.0,FWD,Automatic,Petrol,Kappa VTVT Petrol Engine,4.0,81.86 bhp
1950 cc,4.0,RWD,Automatic,Diesel,In-Line 4 Cylinder diesel Engine,4.0,191.76 bhp
1493 cc,4.0,FWD,Manual,Diesel,1.5 L CRDi VGT,4.0,113.43 bhp
1497 cc,4.0,FWD,Manual,Petrol,SMARTSTREAM G1.5,4.0,113.43 bhp
999 cc,3.0,FWD,Manual,Petrol,1.0 TSI Petrol Engine,4.0,113.98 bhp
1969 cc,4.0,AWD,Automatic,Diesel,Twin Turbo Diesel Engine,4.0,235 bhp
1086 cc,4.0,,Manual,Petrol,In-Line Engine,3.0,62 bhp
2987 cc,6.0,AWD,Automatic,Diesel,V-Type Engine,4.0,258 bhp
1497 cc,4.0,2WD,Automatic,Petrol,Smartstream G1.5,4.0,113.4 bhp
1956 cc,4.0,4x4,Automatic,Diesel,2.0L Multijet Diesel,4.0,167.67 bhp
2755 cc,4.0,RWD,Automatic,Diesel,1-GD FTV Engine,4.0,171.5 bhp
1956 cc,4.0,FWD,Manual,Diesel,Kryotec 2.0 L Turbocharged,4.0,167.63 bhp
2499 cc,4.0,AWD,Automatic,Petrol,2.5 litre Petrol Engine,4.0,194.3 bhp
1368 cc,4.0,4X2,Automatic,Petrol,1.4-Litre 4-Cyl Multiair,4.0,160 bhp
1353 cc,4.0,2WD,Manual,Petrol,Smartstream G1.4 T-GDi,4.0,138.05 bhp
1498 cc,4.0,FWD,Manual,Petrol,1.5 TSI Petrol Engine,4.0,147.51 bhp
1956 cc,4.0,,Manual,Diesel,Kryotec 2.0 L Turbocharged Engine,4.0,167.67 bhp
1493 cc,4.0,FWD,Manual,Diesel,CRDi VGT,4.0,114.41 bhp
1950 cc,4.0,AWD,Automatic,Diesel,OM 654 Diesel engine,4.0,194 bhp
1497 cc,4.0,2WD,Automatic,Petrol,Smartstream G1.5,4.0,113.42 bhp
1462 cc,4.0,FWD,Automatic,Petrol,K15B Smart Hybrid,4.0,103.25 bhp
999 cc,3.0,,Manual,Petrol,1.0L TSI,4.0,113.98 bhp
1798 cc,4.0,FWD,Automatic,Petrol,1.8TSI Petrol Engine,4.0,178 bhp
1197 cc,3.0,,Manual,Petrol,1.2L Petrol,4.0,108.62 bhp
1498 cc,4.0,FWD,Manual,Diesel,1.5 L Diesel Engine,4.0,99.23 bhp
1498 cc,4.0,,Manual,Petrol,VTi-TECH,4.0,108.49 bhp
2487 cc,4.0,RWD,Automatic,Petrol,A25B-FXS,4.0,175.67 bhp
1498 cc,4.0,FWD,Manual,Diesel,TDCi Diesel Engine,4.0,98.96 bhp
1197 cc,3.0,FWD,Manual,Petrol,1.2 Petrol Engine,4.0,110 bhp
1995 cc,4.0,4WD,Automatic,Petrol,2.0L GME T4,4.0,268.27 bhp
1353 cc,4.0,2WD,Manual,Petrol,,4.0,138 bhp
1493 cc,4.0,FWD,Manual,Diesel,1.5 L CRDi WGT,4.0,98.63 bhp
1199 cc,4.0,,Manual,Petrol,1.2 i-VTEC,4.0,88.50 bhp
1197 cc,4.0,FWD,Manual,Petrol,Kappa VTVT Petrol Engine,4.0,81.86 bhp
1197 cc,4.0,FWD,Manual,Petrol,K12M Petrol Engine,4.0,81.80 bhp
1199 cc,3.0,FWD,Manual,Petrol,Revotron Engine,4.0,83.81 bhp
2993 cc,6.0,4WD,Automatic,Diesel,TwinPower Turbo 6-cylinder engine,4.0,261.50 bhp
1498 cc,4.0,,Manual,Petrol,Water Cooled Inline i-VTEC DOHC with VTC,4.0,119.35 bhp
1482 cc,4.0,FWD,Manual,Petrol,1.5l Turbo GDi,4.0,158 bhp
1493 cc,4.0,2WD,Manual,Diesel,Smartstream G1.5,4.0,113.42 bhp
999 cc,3.0,,Automatic,Petrol,1.0L TSI,4.0,113.98 bhp
1493 cc,4.0,FWD,Automatic,Diesel,1.5 L CRDi VGT,4.0,113.43 bhp
1956 cc,4.0,4X2,Manual,Diesel,2.0-Litre 4-Cyl Multijet,4.0,170 bhp
1999 cc,4.0,RWD,Automatic,Petrol,Petrol Engine,4.0,237.4 bhp
999 cc,3.0,FWD,Automatic,Petrol,1.0 TSI Petrol Engine,4.0,113.98 bhp
1462 cc,4.0,FWD,Manual,Petrol,K15C,4.0,101.64 bhp
1498 cc,4.0,,Automatic,Petrol,VTi-TECH,4.0,108.49 bhp
1451 cc,4.0,FWD,Automatic,Petrol,1.5 L Turbocharged Intercooled,4.0,141 bhp
1199 cc,3.0,,Manual,Petrol,1.2l Turbocharged Revotron Engine,4.0,118.35 bhp
998 cc,3.0,2WD,Automatic,Petrol,Smartstream G1.0 T - GDi,4.0,118.35 bhp
2179 cc,4.0,RWD,Automatic,Diesel,Diesel Engine,4.0,187.7 bhp
1199 cc,3.0,,Automatic,Petrol,1.2l Turbocharged Revotron Engine,4.0,118.36 bhp
1199 cc,3.0,FWD,Automatic,Petrol,1.2L Turbocharged Revotron,4.0,118.27 bhp
1998 cc,4.0,2WD,Automatic,Petrol,Petrol Engine,4.0,189.08 bhp
1493 cc,4.0,2WD,Automatic,Diesel,1.5 L CRDi VGT,4.0,114.41 bhp
1497 cc,4.0,2WD,Manual,Diesel,1.5L CRDi VGT,4.0,114.41 bhp
1798 cc,4.0,FWD,Automatic,Petrol,Petrol Engine,4.0,177.46 bhp
2179 cc,4.0,FWD,Manual,Diesel,mHawk Diesel Engine,4.0,140 bhp
1368 cc,4.0,4x2,Automatic,Petrol,1.4L MultiAir Petrol,4.0,160.77 bhp
1368 cc,4.0,4X2,Automatic,Petrol,1.4-Litre 4-Cyl Multiair,4.0,160.77 bhp
1493 cc,4.0,2WD,Automatic,Diesel,1.5 T-CRDi VGT,4.0,114.41 bhp
1493 cc,4.0,2WD,Automatic,Diesel,1.5 T-GRDi VGT,4.0,114.41 bhp
1956 cc,4.0,4X4,Automatic,Diesel,2.0-Litre 4-Cyl Multijet II Engine,4.0,170.63 bhp
1997 cc,4.0,RWD,Manual,Petrol,mStallion (TGDi),4.0,200 bhp
1956 cc,4.0,,Automatic,Diesel,Kryotec 2.0 L Turbocharged Engine,4.0,167.67 bhp
1956 cc,4.0,4x2,Manual,Diesel,2.0L Multijet Diesel,4.0,167.67 bhp
1956 cc,4.0,4X2,Manual,Diesel,2.0-Litre 4-Cyl Multijet,4.0,170.63 bhp
1969 cc,4.0,,Automatic,Petrol,,4.0,190 bhp
1999 cc,4.0,,Automatic,Petrol,,4.0,150.19 bhp
1498 cc,4.0,FWD,Manual,Petrol,1.5L TSI EVO with ACT,4.0,147.51 bhp
1956 cc,4.0,,Automatic,Diesel,Multijet II Turbo Diesel Engine,4.0,
1956 cc,4.0,FWD,Manual,Diesel,2.0 L Turbocharged Diesel,4.0,167.68 bhp
2198 cc,4.0,RWD,Automatic,Diesel,Diesel Engine,4.0,158 bhp
1984 cc,4.0,AWD,Automatic,Petrol,2.0 TSI,4.0,187.74 bhp
1995 cc,4.0,4WD,Automatic,Diesel,xDrive20d Diesel Engine,4.0,190 bhp
799 cc,3.0,FWD,Manual,Petrol,Petrol Engine,4.0,53.3 bhp
2993 cc,6.0,AWD,Automatic,Diesel,Diesel Engine,4.0,258 bhp
999 cc,3.0,FWD,Automatic,Petrol,1.0 SCe,4.0,67.06 bhp
1461 cc,4.0,FWD,Manual,Diesel,In-Line Diesel Engine,2.0,63.1 bhp
1995 cc,4.0,RWD,Automatic,Diesel,TwinPower Turbo 4-Cylinde,4.0,188 bhp
1497 cc,4.0,FWD,Automatic,Petrol,SMARTSTREAM G1.5,4.0,113.43 bhp
1497 cc,3.0,FWD,Automatic,Petrol,Ti-VCT Petrol Engine,4.0,121 bhp
796 cc,3.0,FWD,Manual,Petrol,F8D Petrol Engine,4.0,47.3 bhp
2179 cc,4.0,AWD,Automatic,Diesel,2.2 LTR. VARICOR 400,4.0,153.86 bhp
2179 cc,4.0,FWD,Manual,Diesel,mHawk155 Diesel Engine,4.0,152.87 bhp
814 cc,3.0,RWD,Manual,Petrol,800 L SOHC 3 Cylinder,3.0,
1497 cc,4.0,FWD,Manual,Diesel,CRDi,4.0,115.05 bhp
1968 cc,4.0,FWD,Automatic,Diesel,Turbocharged Diesel Engin,4.0,138.1 bhp
1373 cc,4.0,FWD,Manual,Petrol,k14B VVT Engine,4.0,91.1 bhp
2143 cc,4.0,RWD,Automatic,Diesel,In-Line Diesel Engine,4.0,204 bhp
1461 cc,4.0,,Manual,Diesel,K9K dCi Diesel Engine,4.0,108.45 bhp
998 cc,3.0,FWD,Manual,Petrol,K Series Petrol Engine,4.0,67.05 bhp
1198 cc,3.0,FWD,Automatic,Petrol,In Line Petrol Engine,4.0,75.94 bhp
1198 cc,4.0,FWD,Manual,Petrol,i-VTEC Petrol Engine,4.0,86.7 bhp
1968 cc,4.0,AWD,Automatic,Diesel,TDI Quattro Diesel Engine,4.0,174.33 bhp
1198 cc,4.0,FWD,Manual,Petrol,i-VTEC Engine,4.0,86.8 bhp
1197 cc,4.0,FWD,Automatic,Petrol,1.2-Litre VVT Petrol Engi,4.0,81.80 bhp
1968 cc,4.0,AWD,Automatic,Diesel,TDI Diesel Engine,4.0,174.33 bhp
1462 cc,4.0,FWD,Manual,Petrol,K15B Smart Hybrid,4.0,103.25 bhp
1199 cc,3.0,,Manual,Petrol,1.2L Revotron Engine,4.0,84.82 bhp
1396 cc,4.0,FWD,Manual,Diesel,U2 CRDI Diesel Engine,4.0,88.76 bhp
1999 cc,4.0,FWD,Automatic,Petrol,mSTALLION,4.0,197 bhp
1197 cc,4.0,FWD,Automatic,Petrol,K Series VVT Engine,4.0,81.80 bhp
1086 cc,4.0,FWD,Manual,Petrol,IRDE2 Engine,3.0,68.05 bhp
998 cc,3.0,FWD,Manual,Petrol,K10B Engine,4.0,67.05 bhp
1199 cc,4.0,FWD,Automatic,Petrol,i-VTEC Petrol Engine,4.0,88.76 bhp
1199 cc,3.0,FWD,Automatic,Petrol,Revotron Engine,4.0,83.83 bhp
1199 cc,3.0,FWD,Automatic,Petrol,Revotron Engine,4.0,83.81 bhp
1999 cc,4.0,2WD,Automatic,Petrol,Dual VTVT Nu 2.0 Petrol,4.0,152.88 bhp
1198 cc,4.0,FWD,Automatic,Petrol,i-VTEC Engine,4.0,86.8 bhp
1248 cc,4.0,FWD,Manual,Diesel,DDiS 200 Diesel Engine,4.0,88.5 bhp
2596 cc,4.0,4WD,Manual,Diesel,FM 2.6L CRDi,4.0,138 bhp
1197 cc,4.0,FWD,Manual,Petrol,K12N,4.0,88.50 bhp
1197 cc,4.0,FWD,Manual,Petrol,In-Line Engine,4.0,
1197 cc,4.0,FWD,Automatic,Petrol,Kappa VTVT Petrol Engine,4.0,82 bhp
1999 cc,4.0,FWD,Automatic,Petrol,2.0L Turbo Petrol,4.0,197.13 bhp
1499 cc,4.0,FWD,Automatic,Petrol,Ti-VCT Petrol Engine,4.0,110 bhp
1493 cc,3.0,RWD,Manual,Diesel,mHawk 100 Diesel Engine,2.0,100 bhp
1193 cc,4.0,FWD,Manual,Petrol,Revotron Engine,2.0,88.7 bhp
1498 cc,4.0,FWD,Manual,Diesel,i-DTEC Diesel Engine,4.0,98.6 bhp
1396 cc,4.0,,Manual,Diesel,Diesel Engine,4.0,
999 cc,3.0,FWD,Manual,Petrol,Ecoboost Petrol Engine,4.0,123.24 bhp
998 cc,3.0,FWD,Manual,Petrol,K10B Petrol Engine,4.0,67.04 bhp
1198 cc,4.0,FWD,Manual,Petrol,In-Line Diesel Engine,2.0,63.1 bhp
2179 cc,4.0,FWD,Manual,Diesel,mHawk Diesel Engine,4.0,152.87 bhp
1198 cc,3.0,FWD,Manual,Petrol,mFALCON G80 Engine,4.0,82 bhp
1197 cc,4.0,FWD,Manual,Petrol,Kappa VTVT Petrol Engine,4.0,82 bhp
998 cc,3.0,FWD,Automatic,Petrol,K10B Engine,4.0,67.04 bhp
1497 cc,4.0,FWD,Manual,Petrol,i VTEC Engine,4.0,117.6 bhp
1598 cc,4.0,FWD,Manual,Petrol,MPI Petrol Engine,4.0,103.2 bhp
2143 cc,4.0,AWD,Automatic,Diesel,Diesel Engine,4.0,136 bhp
1199 cc,3.0,,Automatic,Petrol,1.2l Turbocharged Revotron Engine,4.0,118.35 bhp
1199 cc,4.0,FWD,Manual,Petrol,i-VTEC Petrol Engine,4.0,88.7 bhp
1196 cc,4.0,FWD,Manual,Petrol,Ti-VCT Petrol Engine,4.0,86.8 bhp
2179 cc,4.0,AWD,Manual,Diesel,mHawk Diesel Engine,4.0,140 bhp
1197 cc,4.0,FWD,Automatic,Petrol,1.2 l Kappa,4.0,87 bhp
1197 cc,4.0,FWD,Manual,Petrol,1.2 L Petrol Engine,4.0,88.50 bhp
1197 cc,4.0,,Automatic,Petrol,,4.0,88.50 bhp
999 cc,3.0,,Manual,Petrol,,4.0,71.01 bhp
1591 cc,4.0,FWD,Automatic,Petrol,VTVT Petrol Engine,4.0,121.3 bhp
1199 cc,4.0,FWD,Manual,Petrol,i-VTEC Petrol Engine,4.0,88.76 bhp
1199 cc,3.0,,Manual,Petrol,1.2l Turbocharged Revotron Engine,4.0,118.36 bhp
2359 cc,4.0,FWD,Automatic,Petrol,GDi Petrol Engine,4.0,198.25 bhp
1497 cc,4.0,2WD,Manual,Petrol,1.5 L MPi Petrol,4.0,113.18 bhp
1197 cc,4.0,FWD,Automatic,Petrol,TSI Petrol Engine,4.0,103.5 bhp
999 cc,3.0,FWD,Automatic,Petrol,1.0 B4D,4.0,71 bhp
999 cc,3.0,,Automatic,Petrol,,4.0,71.01 bhp
1196 cc,4.0,Front Wheel Drive,Manual,Petrol,Petrol Engine,4.0,70 bhp
1586 cc,4.0,FWD,Manual,Petrol,VVT Petrol Engine,4.0,103.3 bhp
,,FWD,Automatic,Electric,,,174.33 bhp
998 cc,3.0,FWD,Manual,Petrol,K10C,4.0,65.71 bhp
1498 cc,4.0,FWD,Automatic,Diesel,Turbocharged Diesel Engin,4.0,103.6 bhp
1248 cc,4.0,FWD,Automatic,Diesel,DDiS Diesel Engine,4.0,74 bhp
1248 cc,4.0,FWD,Manual,Diesel,DDiS Diesel Engine,4.0,74 bhp
2393 cc,4.0,RWD,Manual,Diesel,2-GD FTV Engine,4.0,147.8 bhp
624 cc,2.0,RWD,Manual,Petrol,Petrol Engine,2.0,37.5 bhp
998 cc,3.0,FWD,Automatic,Petrol,K10C,4.0,67.77 bhp
2698 cc,6.0,FWD,Automatic,Diesel,V-Type Engine,4.0,
1197 cc,4.0,,Manual,Petrol,VVT,4.0,81.80 bhp
1497 cc,3.0,FWD,Manual,Petrol,Ti-VCT Petrol Engine,4.0,121.36 bhp
1198 cc,3.0,FWD,Manual,Petrol,MPI Petrol Engine,4.0,73.75 bhp
1497 cc,4.0,,Manual,Petrol,In-Line Engine,2.0,
1197 cc,4.0,FWD,Manual,Petrol,VTVT Petrol Engine,4.0,81.86 bhp
998 cc,3.0,FWD,Automatic,Petrol,K10B Petrol Engine,4.0,67 bhp
1497 cc,4.0,FWD,Manual,Petrol,i VTEC Engine,4.0,117.3 bhp
1197 cc,4.0,FWD,Manual,Petrol,K Series VVT Engine,4.0,85.8 bhp
998 cc,3.0,FWD,Automatic,Petrol,K Series Petrol Engine,4.0,67.05 bhp
1197 cc,4.0,FWD,Automatic,Petrol,Turbocharged Petrol Engin,4.0,103.6 bhp
1197 cc,4.0,,Manual,Petrol,K12N,4.0,88.50 bhp
998 cc,3.0,FWD,Manual,Petrol,K10B Petrol Engine,4.0,67.05 bhp
1461 cc,4.0,FWD,Manual,Diesel,dCi Diesel Engine,4.0,108.45 bhp
1197 cc,4.0,FWD,Manual,Petrol,Kappa VTVT Petrol Engine,4.0,82.85 bhp
,,RWD,Automatic,Electric,,,41.42 bhp
1799 cc,4.0,FWD,Automatic,Petrol,In-Line Engine,4.0,130 bhp
1950 cc,4.0,AWD,Automatic,Diesel,V Type Engine,4.0,241.38 bhp
1197 cc,4.0,,Manual,Petrol,In-Line Engine,4.0,
998 cc,3.0,FWD,Automatic,Petrol,K10B Engine,4.0,67.05 bhp
1197 cc,3.0,FWD,Automatic,Petrol,mStallion (TGDi) engine,4.0,128.73 bhp
2360 cc,4.0,All Wheel Drive,Automatic,Petrol,Petrol,4.0,
1197 cc,4.0,FWD,Manual,Petrol,DOHC Kappa2 Engine,4.0,78.9 bhp
1498 cc,4.0,FWD,Manual,Diesel,TDCi Diesel Engine,2.0,98.59 bhp
1499 cc,4.0,FWD,Manual,Petrol,Ti-VCT Petrol Engine,4.0,110 bhp
1956 cc,4.0,FWD,Automatic,Diesel,Kryotec 2.0L,4.0,167.62 bhp
1984 cc,4.0,FWD,Automatic,Petrol,2.0 L TSI Petrol Engine,4.0,187.74 bhp
2982 cc,4.0,FWD,Manual,Diesel,D-4D Diesel Engine,4.0,168.5 bhp
2393 cc,4.0,RWD,Automatic,Diesel,2.4L Diesel Engine,4.0,148 bhp
1493 cc,4.0,,Manual,Diesel,1.5 L U2 CRDi Diesel,4.0,113.45 bhp
1987 cc,4.0,FWD,Automatic,Petrol,2.0 TNGA 5th Generation In-Line VVTi,4.0,183.72 bhp
2393 cc,7.0,RWD,Manual,Diesel,2-GD FTV Engine,4.0,147.8 bhp
1396 cc,4.0,FWD,Automatic,Petrol,In-Line Engine,4.0,
,,FWD,Automatic,Electric,,,120.69 bhp
998 cc,3.0,FWD,Automatic,Petrol,Smartstream G1.0 T - GDi,4.0,118.36 bhp
1248 cc,4.0,FWD,Manual,Diesel,D13A SHVS Engine,4.0,88.5 bhp
1591 cc,4.0,FWD,Manual,Petrol,VTVT Petrol Engine,4.0,121.3 bhp
1396 cc,4.0,FWD,Manual,Diesel,U2 CRDI Engine,4.0,88.7 bhp
1490 cc,3.0,FWD,Automatic,Petrol,M15D With Strong Hybrid,4.0,91.18 bhp
2143 cc,4.0,FWD,Automatic,Diesel,In Line Diesel Engine,4.0,136 bhp
1999 cc,4.0,RWD,Automatic,Petrol,Petrol Engine,4.0,246.74 bhp
1997 cc,4.0,4WD,Automatic,Petrol,mStallion 150 TGDi,4.0,150.19 bhp
1991 cc,4.0,,Manual,Diesel,"4 Cylinder, VCDi",4.0,147.9 bhp
799 cc,3.0,FWD,Manual,Petrol,0.8L Petrol Engine,4.0,53.64 bhp
1493 cc,4.0,,Manual,Diesel,1.5 l U2 CRDi diesel,4.0,113.45 bhp
1199 cc,4.0,FWD,Manual,Petrol,i-VTEC,4.0,88.50 bhp
1198 cc,3.0,2WD,Manual,Petrol,mFALCON G80,4.0,82 bhp
796 cc,3.0,FWD,Manual,Petrol,In-Line Engine,4.0,46.3 bhp
998 cc,3.0,FWD,Automatic,Petrol,1.0 l Kappa Turbo,4.0,118 bhp
1462 cc,4.0,FWD,Automatic,Petrol,K15 Smart Hybrid,4.0,103.26 bhp
796 cc,3.0,FWD,Manual,Petrol,F8D,4.0,47.33 bhp
1493 cc,4.0,FWD,Manual,Diesel,U2 CRDi Diesel,4.0,98.6 bhp
1798 cc,4.0,FWD,Manual,Petrol,2ZR-FE Petrol Engine,4.0,138.03 bhp
814 cc,3.0,FWD,Manual,Petrol,Petrol Engine,3.0,55.2 bhp
1172 cc,4.0,FWD,Manual,Petrol,FIRE Engine,2.0,67 bhp
998 cc,3.0,FWD,Manual,Petrol,K Series Petrol Engine,4.0,67.1 bhp
1198 cc,3.0,FWD,Manual,Petrol,In Line Petrol Engine,4.0,75 bhp
799 cc,3.0,2WD,Manual,Petrol,0.8L Petrol Engine,4.0,53.64 bhp
1248 cc,4.0,FWD,Manual,Diesel,MULTIJET Engine,4.0,75 bhp
1996 cc,4.0,4WD,Automatic,Diesel,DIESEL 2.0L TWIN TURBO,4.0,212.55 bhp
1999 cc,4.0,RWD,Automatic,Petrol,,4.0,325.48 bhp
1498 cc,4.0,FWD,Manual,Petrol,H4K Petrol Engine,4.0,104.55 bhp
998 cc,3.0,,Manual,Petrol,1.0 l Turbo GDi petrol,4.0,118.36 bhp
1197 cc,3.0,FWD,Manual,Petrol,1.2L Turbo Petrol,4.0,108.6 bhp
1497 cc,4.0,FWD,Manual,Diesel,1.5 Diesel Engine,4.0,115 bhp
1498 cc,4.0,,Automatic,Petrol,1.5L TSI EVO with ACT,4.0,147.51 bhp
1462 cc,4.0,,Manual,Petrol,k-series1.5l,4.0,103.26 bhp
1997 cc,4.0,FWD,Manual,Diesel,mHawk Diesel Engine,4.0,140 bhp
1493 cc,4.0,FWD,Manual,Diesel,SMARTSTREAM G1.2,4.0,81.86 bhp
1197 cc,4.0,FWD,Manual,Petrol,Kappa 1.2 L MPi Petrol,4.0,81.86 bhp
1198 cc,3.0,FWD,Manual,Petrol,Revotron 1.2L Turbocharge,4.0,108.5 bhp
1493 cc,3.0,RWD(with MTT),Manual,Diesel,mHAWk100,4.0,100 bhp
1199 cc,3.0,,Manual,Petrol,1.2 L Revotron,4.0,84.82 bhp
1493 cc,4.0,FWD,Manual,Diesel,1.5 l U2,4.0,114 bhp
1498 cc,4.0,FWD,Manual,Diesel,i DTEC Diesel Engine,4.0,97.9 bhp
1496 cc,3.0,FWD,Manual,Petrol,1.5 L Petrol Engine,4.0,120.69 bhp
1496 cc,3.0,FWD,Automatic,Petrol,1.5 L Petrol Engine,4.0,120.69 bhp
998 cc,3.0,FWD,Manual,Petrol,Kappa 1.0 L Turbo GDi Petrol,4.0,118.35 bhp
1956 cc,4.0,4X4,Manual,Diesel,2.0-Litre 4-Cyl Multijet,4.0,170 bhp
1461 cc,4.0,FWD,Manual,Diesel,K9K Diesel Engine,4.0,83.14 bhp
1197 cc,3.0,,Automatic,Petrol,1.2L Petrol,4.0,108.62 bhp
1462 cc,4.0,FWD,Manual,Petrol,K15B Smart Hybrid,4.0,103.2 bhp
1497 cc,4.0,FWD,Manual,Diesel,"Revotorq, 1.5L Turbocharg",4.0,108.5 bhp
1498 cc,4.0,FWD,Manual,Diesel,i DTEC Diesel Engine,4.0,98.6 bhp
2179 cc,4.0,4WD,Manual,Diesel,2.2 LTR. VARICOR 400,4.0,153.86 bhp
1197 cc,4.0,FWD,Manual,Petrol,1.2 l Kappa,4.0,81.8 bhp
1199 cc,3.0,FWD,Manual,Petrol,1.2L Revotron,4.0,85 bhp
1248 cc,4.0,FWD,Manual,Diesel,DDIS 200 Engine,4.0,88.5 bhp
1498 cc,4.0,FWD,Manual,Diesel,DDiS 225 Diesel Engine,4.0,93.87 bhp
1493 cc,4.0,FWD,Automatic,Diesel,1.5L CRDi VGT,4.0,114 bhp
999 cc,3.0,FWD,Automatic,Petrol,Petrol Engine,4.0,67 bhp
2994 cc,6.0,AWD,Automatic,Petrol,3.0 L V6 TFSI Petrol engine,4.0,348.66 bhp
1497 cc,4.0,FWD,Manual,Petrol,SOHC i-VTEC,4.0,116.3 bhp
1248 cc,4.0,FWD,Manual,Diesel,DDiS Diesel Engine,4.0,88.8 bhp
1968 cc,4.0,FWD,Automatic,Diesel,TDI Diesel Engine,4.0,174.33 bhp
1999 cc,4.0,FWD,Automatic,Petrol,mStallion,4.0,197 bhp
1591 cc,4.0,,Automatic,Petrol,VTVT Petrol Engine,4.0,121.3 bhp
1353 cc,4.0,FWD,Automatic,Petrol,Smartstream G1.4,4.0,138.08 bhp
1461 cc,4.0,FWD,Manual,Diesel,1.5L 16 Valve Diesel Engi,4.0,84 bhp
1197 cc,4.0,FWD,Automatic,Petrol,DOHC Kappa2 Engine,4.0,78.9 bhp
2953 cc,4.0,FWD,Automatic,Diesel,TDCi Diesel Engine,4.0,153.86 bhp
1999 cc,4.0,FWD,Automatic,Petrol,2.0 L Beta II I4,4.0,153.81 bhp
1462 cc,4.0,FWD,Automatic,Petrol,K15C With Mild Hybrid System,4.0,101.64 bhp
1451 cc,4.0,,Automatic,Petrol,1.5L Turbocharged Intercooled,4.0,141 bhp
999 cc,3.0,FWD,Manual,Petrol,1.0L TSI,4.0,113.98 bhp
1493 cc,4.0,,Manual,Diesel,1.5 l diesel CRDi engine,4.0,113.42 bhp
1353 cc,4.0,2WD,Automatic,Petrol,Smartstream G1.4 T-GDi,4.0,138.05 bhp
1497 cc,4.0,,Manual,Diesel,1.5L Turbo Diesel with CRDi,4.0,115.05 bhp
1197 cc,4.0,FWD,Manual,Petrol,1.2 l Kappa,4.0,82 bhp
1462 cc,4.0,,Manual,Petrol,K15C Smart Hybrid,4.0,101.65 bhp
999 cc,3.0,FWD,Automatic,Petrol,1.0L TSI,4.0,113.98 bhp
1451 cc,4.0,FWD,Manual,Petrol,1.5 L Turbocharged Intercooled,4.0,141 bhp
998 cc,3.0,FWD,Automatic,Petrol,1.0L Turbo Boosterjet,4.0,98.69 bhp
1482 cc,4.0,FWD,Manual,Petrol,Smartstream T-GDi,4.0,157.81 bhp
1498 cc,4.0,FWD,Manual,Petrol,i-VTEC,4.0,119.35 bhp
1451 cc,4.0,FWD,Automatic,Petrol,,4.0,141 bhp
998 cc,3.0,FWD,Automatic,Petrol,Smartstream G1.0 T-GDi,4.0,118.36 bhp
1353 cc,4.0,2WD,Automatic,Petrol,,4.0,138 bhp
1462 cc,4.0,FWD,Manual,Petrol,K15 Smart Hybrid,4.0,103.26 bhp
1493 cc,4.0,2WD,Automatic,Diesel,1.5L CRDi VGT,4.0,113.42 bhp
1493 cc,4.0,,Manual,Diesel,1.5 l U2 diesel,4.0,98.63 bhp
1462 cc,4.0,2WD,Manual,Petrol,,4.0,101.64 bhp
999 cc,3.0,FWD,Automatic,Petrol,1.0L TSI,4.0,114 bhp
1497 cc,4.0,2WD,Manual,Petrol,Smartstream G1.5,4.0,113.42 bhp
999 cc,3.0,FWD,Manual,Petrol,1.0 TSI Petrol,4.0,114 bhp
999 cc,3.0,FWD,Automatic,Petrol,1.0 L TSI Petrol,4.0,113.98 bhp
1349 cc,3.0,,Automatic,Petrol,220TURBO,4.0,138.08 bhp
2987 cc,6.0,RWD,Automatic,Diesel,V-Type Diesel Engine,4.0,254.79 bhp
1997 cc,4.0,AWD,Automatic,Petrol,TD4 Diesel Engine,4.0,247 bhp
2393 cc,4.0,RWD,Manual,Diesel,2.4L Diesel Engine,4.0,148 bhp
2198 cc,4.0,FWD,Automatic,Diesel,2.2 L Turbo Diesel,4.0,182.38 bhp
2198 cc,4.0,FWD,Automatic,Diesel,mHAWK,4.0,182 bhp
1956 cc,4.0,4WD,Automatic,Diesel,2.0 L Multijet II Diesel,4.0,168 bhp
2198 cc,4.0,4WD,Automatic,Diesel,mHawk (CRDi),4.0,172.45 bhp
1969 cc,4.0,FWD,Automatic,Diesel,D4 Diesel Engine,4.0,190 bhp
3198 cc,4.0,4WD,Automatic,Diesel,Diesel Engine,4.0,197 bhp
2694 cc,4.0,RWD,Manual,Petrol,2.7 L Dual VVT,4.0,163.60 bhp
2993 cc,6.0,RWD,Automatic,Diesel,TwinPower Turbo Inline 6 Cylinder Engine,4.0,261.49 bhp
2393 cc,4.0,RWD,Manual,Diesel,2-GD FTV Engine,4.0,147.51 bhp
1353 cc,4.0,,Automatic,Petrol,1.4 L Turbo GDi Petrol,4.0,138.12 bhp
1199 cc,3.0,,Automatic,Petrol,1.2 L Revotron,4.0,86.83 bhp
1950 cc,4.0,AWD,Automatic,Diesel,,4.0,187.74 bhp
2755 cc,4.0,2WD,Manual,Diesel,2.8 L Diesel engine,4.0,201.15 bhp
2755 cc,4.0,RWD,Manual,Diesel,1-GD FTV Engine,4.0,174.5 bhp
999 cc,3.0,FWD,Automatic,Petrol,1.0L TSI Petrol,4.0,108.62 bhp
1582 cc,4.0,FWD,Manual,Diesel,U2 VGT Diesel Engine,4.0,126.2 bhp
799 cc,3.0,,Manual,Petrol,0.8 SCe,4.0,53.26 bhp
1462 cc,4.0,2WD,Manual,Petrol,K15C Smart Hybrid,4.0,101.65 bhp
999 cc,3.0,,Automatic,Petrol,1.0 SCe,4.0,67.06 bhp
1197 cc,4.0,FWD,Manual,Petrol,Advanced K Series,4.0,88.50 bhp
1997 cc,4.0,FWD,Automatic,Diesel,mHawk Diesel Engine,4.0,140 bhp
1194 cc,3.0,FWD,Manual,Petrol,Ti-VCT Petrol Engine,4.0,94.93 bhp
1197 cc,4.0,FWD,Manual,Petrol,Kappa Petrol Engine,4.0,78.9 bhp
1198 cc,3.0,FWD,Manual,Petrol,Petrol Engine,4.0,67 bhp
1120 cc,3.0,FWD,Manual,Diesel,U2 CRDi  Diesel Engine,4.0,70 bhp
1197 cc,4.0,FWD,Manual,Petrol,Petrol Engine,4.0,78.9 bhp
1199 cc,4.0,FWD,Manual,Petrol,SMARTECH Petrol Engine,4.0,82.5 bhp
1396 cc,4.0,,Manual,Diesel,Diesel,4.0,
1461 cc,4.0,FWD,Manual,Diesel,K9K In-Line Diesel Engine,2.0,63.12 bhp
2198 cc,4.0,RWD,Automatic,Diesel,TDCI Diesel Engine,4.0,158.2 bhp
2996 cc,6.0,,Automatic,Petrol,V6 bi-turbo engine,4.0,
1984 cc,4.0,4WD,Automatic,Petrol,2.0 L Turbocharged Petrol Engine,4.0,187.74 bhp
3198 cc,4.0,4WD,Automatic,Diesel,TDCI Diesel Engine,4.0,197 bhp
,4.0,,Manual,Petrol,,4.0,
1497 cc,4.0,FWD,Automatic,Petrol,i VTEC Engine,4.0,117.3 bhp
1197 cc,4.0,FWD,Automatic,CNG,Kappa VTVT Petrol Engine,4.0,82 bhp
1598 cc,4.0,FWD,Manual,Petrol,In Line Petrol Engine,4.0,103.6 bhp
1248 cc,4.0,,Manual,Diesel,DDIS 200 Engine,4.0,88.5 bhp
1498 cc,4.0,FWD,Manual,Diesel,TDCi Diesel Engine,4.0,99.23 bhp
1798 cc,4.0,FWD,Automatic,Petrol,Petrol Engine,4.0,177.5 bhp
1497 cc,4.0,FWD,Manual,Petrol,i-VTEC Petrol Engine,4.0,117.3 bhp
1197 cc,4.0,,Automatic,Petrol,1.2 Kappa petrol,4.0,81.86 bhp
1199 cc,4.0,FWD,Manual,Petrol,1.2L i-VTEC,4.0,89 bhp
1197 cc,4.0,FWD,Manual,Petrol,K Series Petrol Engine,4.0,85.80 bhp
1498 cc,4.0,FWD,Manual,Diesel,i-DTEC Diesel Engine,4.0,98.63 bhp
1197 cc,4.0,,Manual,Petrol,,4.0,88.50 bhp
1968 cc,4.0,FWD,Manual,Diesel,Turbocharged Diesel Engin,4.0,138.1 bhp
1248 cc,4.0,FWD,Automatic,Diesel,DDiS Diesel Engine,4.0,74.02 bhp
1248 cc,4.0,FWD,Manual,Diesel,DDIS Diesel Engine,4.0,88.5 bhp
1047 cc,3.0,FWD,Manual,Diesel,Revotorq Engine,4.0,69 bhp
1598 cc,4.0,FWD,Manual,Petrol,MPI Petrol Engine,4.0,103.5 bhp
1197 cc,4.0,FWD,Automatic,Petrol,Advanced K Series,4.0,88.50 bhp
998 cc,3.0,FWD,Manual,Petrol,K10C,4.0,67.77 bhp
1497 cc,4.0,FWD,Manual,Petrol,In-Line Engine,4.0,
2523 cc,4.0,RWD,Manual,Diesel,M2DiCR Diesel Engine,2.0,62.1 bhp
1482 cc,4.0,FWD,Manual,Petrol,1.5 l Turbo GDi Petrol,4.0,157.57 bhp
2393 cc,7.0,RWD,Manual,Diesel,2-GD FTV Engine,4.0,147.51 bhp
1451 cc,4.0,FWD,Automatic,Petrol,1.5L Turbocharged Intercooled,4.0,141.04 bhp
1498 cc,4.0,FWD,Automatic,Petrol,1.5 L TSI Petrol,4.0,147.51 bhp
2179 cc,4.0,4WD,Automatic,Diesel,TD4 Diesel Engine,4.0,147.51 bhp
1498 cc,4.0,FWD,Automatic,Petrol,1.5 L TSI EVO with ACT,4.0,147.94 bhp
2143 cc,4.0,RWD,Automatic,Diesel,In-Line Engine,4.0,170 bhp
1461 cc,4.0,FWD,Manual,Diesel,dCi THP Diesel Engine,4.0,83.8 bhp
1197 cc,4.0,FWD,Automatic,Petrol,1.2 L K Series Engine,4.0,88.50 bhp
1498 cc,4.0,,Manual,Diesel,Water Cooled Inline i-DTEC DOHC,4.0,97.89 bhp
1498 cc,4.0,FWD,Manual,Diesel,TDI Diesel Engine,4.0,108.5 bhp
1199 cc,4.0,FWD,Automatic,Petrol,i-VTEC,4.0,88.50 bhp
1199 cc,3.0,3,Manual,Petrol,1.2l Turbocharged Revotron Engine,4.0,118.36 bhp
1497 cc,4.0,FWD,Manual,Diesel,1.5L Turbocharged Revotorq,4.0,88.76 bhp
1498 cc,4.0,FWD,Manual,Diesel,U2 CRDi Diesel,4.0,98.6 bhp
999 cc,3.0,FWD,Automatic,Petrol,1.0L energy,4.0,71 bhp
1373 cc,4.0,FWD,Automatic,Petrol,k14B VVT Engine,4.0,91.1 bhp
1197 cc,4.0,,Manual,Petrol,1.2 l Kappa petrol,4.0,81.80 bhp
1197 cc,4.0,,Manual,Petrol,1.2 Kappa Petrol,4.0,81.80 bhp
1598 cc,4.0,FWD,Manual,Petrol,Petrol Engine,4.0,103.2 bhp
1198 cc,3.0,FWD,Automatic,Petrol,Revotron 1.2L Turbocharge,4.0,108.5 bhp
1199 cc,3.0,,Manual,Petrol,1.2 l Revotron,4.0,86.83 bhp
1197 cc,4.0,FWD,Manual,Petrol,Smartstream G1.2,4.0,81.8 bhp
2179 cc,4.0,FWD,Manual,Diesel,mHawk Diesel Engine,4.0,138 bhp
1373 cc,4.0,FWD,Manual,Petrol,K14B Petrol Engine,4.0,91.1 bhp
1197 cc,4.0,,Manual,Petrol,1.2 Kappa petrol,4.0,81.86 bhp
2179 cc,4.0,FWD,Automatic,Diesel,mHawk Diesel Engine,4.0,140 bhp
998 cc,3.0,FWD,Automatic,Petrol,Kappa 1.0 L Turbo GDi Petrol,4.0,118.35 bhp
999 cc,3.0,FWD,Automatic,Petrol,ENERGY Engine,4.0,71.01 bhp
1248 cc,4.0,FWD,Manual,Diesel,DDiS 190 Engine,4.0,74 bhp
998 cc,3.0,FWD,Manual,Petrol,,4.0,118.35 bhp
1497 cc,4.0,FWD,Automatic,Petrol,i-VTEC Petrol Engine,4.0,117.3 bhp
1197 cc,4.0,,Manual,CNG,,4.0,76.43 bhp
1197 cc,4.0,FWD,Automatic,Petrol,TSI Petrol Engine,2.0,103.2 bhp
1197 cc,4.0,FWD,Manual,Petrol,SMARTSTREAM G1.2,4.0,81.86 bhp
999 cc,3.0,FWD,Manual,Petrol,1.0L MPI Petrol,4.0,75.10 bhp
1497 cc,4.0,FWD,Automatic,Diesel,"Revotorq, 1.5L Turbocharg",4.0,108.5 bhp
998 cc,3.0,,Automatic,Petrol,1.0 l Turbo GDi petrol,4.0,118.36 bhp
1396 cc,4.0,FWD,Manual,Diesel,U2 CRDI Diesel Engine,4.0,88.73 bhp
1498 cc,4.0,FWD,Manual,Petrol,VTi-TECH,4.0,108.49 bhp
1462 cc,4.0,FWD,Automatic,Petrol,K15B Smart Hybrid,4.0,103.2 bhp
1968 cc,4.0,FWD,Automatic,Diesel,Diesel Engine,4.0,138.03 bhp
2993 cc,6.0,4WD,Automatic,Diesel,Diesel Engine,4.0,258 bhp
1950 cc,4.0,2WD,Automatic,Diesel,2.0L OM654 Turbocharged I4,4.0,187.74 bhp
2996 cc,4.0,AWD,Automatic,Petrol,Petrol Engine,4.0,362 bhp
1995 cc,4.0,RWD,Automatic,Diesel,TwinPower Turbo,4.0,187.74 bhp
1462 cc,4.0,FWD,Automatic,Petrol,K15C Smart Hybrid,4.0,101.64 bhp
1498 cc,4.0,FWD,Manual,Diesel,DDIS 200 Smart Hybrid,4.0,93.87 bhp
1462 cc,4.0,FWD,Manual,Petrol,K15B Petrol Engine,4.0,103.26 bhp
1248 cc,4.0,FWD,Manual,Diesel,DDIS 200 Smart Hybrid,4.0,88.50 bhp
999 cc,3.0,FWD,Manual,Petrol,1.0 L TSI Petrol,4.0,113.98 bhp
1498 cc,4.0,FWD,Automatic,Petrol,i-VTEC,4.0,119.35 bhp
1498 cc,4.0,FWD,Automatic,Petrol,1.5 L TSI Petrol,4.0,147.52 bhp
1498 cc,4.0,FWD,Automatic,Petrol,i-VTEC,4.0,119 bhp
1498 cc,4.0,,Automatic,Petrol,Water Cooled Inline i-VTEC DOHC with VTC,4.0,119.35 bhp
1086 cc,3.0,FWD,Manual,Petrol,Petrol Engine,4.0,62.1 bhp
999 cc,3.0,FWD,Manual,Petrol,1.0L Petrol Engine,4.0,72 bhp
998 cc,3.0,FWD,Automatic,Petrol,Kappa 1.0 l turbo GDi,4.0,118.41 bhp
998 cc,3.0,FWD,Manual,Petrol,K10B Engine,4.0,67.04 bhp
999 cc,3.0,FWD,Manual,Petrol,Ecoboost Petrol Engine,4.0,123.37 bhp
1461 cc,4.0,FWD,Manual,Diesel,K9K Diesel Engine,4.0,83.8 bhp
1995 cc,4.0,4WD,Manual,Diesel,dCi Diesel Engine,4.0,170.6 bhp
1498 cc,4.0,FWD,Manual,Diesel,TDI Diesel Engine,4.0,108.6 bhp
1497 cc,4.0,FWD,Automatic,Petrol,In-Line Engine,4.0,
1598 cc,4.0,FWD,Automatic,Petrol,In Line Petrol Engine,4.0,103.6 bhp
1493 cc,3.0,RWD,Manual,Diesel,mHAWk100,4.0,98.56 bhp
1950 cc,4.0,RWD,Automatic,Petrol,2L Petrol Engine,4.0,201.15 bhp
2487 cc,4.0,AWD,Automatic,Petrol,2.5-litre a Hybrid,4.0,190.42 bhp
2143 cc,4.0,AWD,Automatic,Diesel,In Line Engine,4.0,201.15 bhp
2967 cc,4.0,AWD,Automatic,Diesel,V-Type Diesel Engine,4.0,245 bhp
4395 cc,8.0,RWD,Automatic,Petrol,TwinPower Turbo Engine,4.0,558 bhp
2198 cc,4.0,RWD,Automatic,Diesel,mHawk (CRDi),4.0,172.45 bhp
1482 cc,4.0,2WD,Automatic,Petrol,SmartStream G1.5 T-GDi,4.0,157.81 bhp
1490 cc,3.0,2WD,Automatic,Petrol,,4.0,91.18 bhp
1999 cc,4.0,4WD,Automatic,Diesel,TD4 Diesel Engine,4.0,148.31 bhp
2967 cc,6.0,AWD,Automatic,Diesel,V-Type Diesel Engine,4.0,241.4 bhp
1999 cc,4.0,FWD,Manual,Petrol,2.0L Turbo Petrol,4.0,197.13 bhp
2198 cc,4.0,FWD,Manual,Diesel,mHawk,4.0,182 bhp
1950 cc,4.0,RWD,Automatic,Diesel,In-Line Engine,4.0,194 bhp
2694 cc,4.0,RWD,Automatic,Petrol,2.7 L Dual VVT,4.0,163.60 bhp
1497 cc,4.0,FWD,Manual,Petrol,SOHC i-VTEC,4.0,116.4 bhp
1199 cc,3.0,FWD,Automatic,Petrol,Revotron Engine,4.0,84 bhp
1984 cc,4.0,AWD,Automatic,Petrol,40 TFSI quattro S tronic,4.0,187.74 bhp
1991 cc,4.0,AWD,Automatic,Petrol,M 264 petrol engine,4.0,197 bhp
1995 cc,4.0,4WD,Automatic,Diesel,2.0l 4Cylinder twin turbo,4.0,187.74 bhp
1998 cc,4.0,RWD,Automatic,Petrol,TwinPower Turbo,4.0,254.79 bhp
1186 cc,3.0,FWD,Manual,Diesel,U2 CRDi  Diesel Engine,4.0,73.97 bhp
1197 cc,4.0,FWD,Automatic,Petrol,VVT Petrol Engine,4.0,83.1 bhp
1198 cc,3.0,FWD,Manual,Petrol,In-Line Petrol Engine,4.0,73.9 bhp
1198 cc,3.0,FWD,Manual,Petrol,In-Line Engine,4.0,73.9 bhp
1197 cc,4.0,FWD,Manual,Petrol,VVT Petrol Engine,4.0,83.1 bhp
1461 cc,4.0,FWD,Manual,Diesel,dCi In-Line Diesel Engine,2.0,63.1 bhp
1598 cc,4.0,FWD,Manual,Petrol,In-Line Petrol Engine,4.0,103.6 bhp
1198 cc,3.0,FWD,Manual,Petrol,MPI Petrol Engine,4.0,74 bhp
1197 cc,4.0,FWD,Manual,Petrol,VTVT Engine,4.0,81.80 bhp
1199 cc,3.0,FWD,Manual,Petrol,MPI Petrol Engine,4.0,74 bhp
1199 cc,3.0,,Automatic,Petrol,1.2L Revotron Engine,4.0,84.82 bhp
999 cc,3.0,FWD,Manual,Petrol,MPI Petrol Engine,4.0,75 bhp
1493 cc,3.0,RWD,Automatic,Diesel,mHawk 80 Diesel Engine,2.0,100 bhp
1598 cc,4.0,FWD,Manual,Diesel,Turbocharged Diesel Engin,4.0,103.5 bhp
998 cc,3.0,,Manual,Petrol,K10C,4.0,65.71 bhp
1498 cc,4.0,FWD,Manual,Diesel,Diesel Engine,4.0,103.52 bhp
1198 cc,3.0,FWD,Manual,Petrol,In-Lie Petrol Engine,4.0,73.9 bhp
1364 cc,4.0,FWD,Manual,Diesel,SOHC D-4D Diesel Engine,4.0,87.2 bhp
1498 cc,4.0,FWD,Manual,Diesel,TDCi Diesel Engine,2.0,99 bhp
1598 cc,4.0,,Manual,Petrol,In-Line Engine,4.0,103.5 bhp
1248 cc,4.0,FWD,Manual,Diesel,DDiS Diesel Engine,4.0,88.76 bhp
1499 cc,4.0,FWD,Automatic,Petrol,Ti-VCT Petrol Engine,4.0,110.4 bhp
1086 cc,4.0,FWD,Automatic,Petrol,1.1 litre Petrol Engine,3.0,68 bhp
1399 cc,4.0,FWD,Manual,Diesel,Duratorq Diesel Engine,2.0,68.1 bhp
1598 cc,4.0,FWD,Manual,Petrol,Petrol Engine,4.0,103.52 bhp
999 cc,3.0,,Manual,Petrol,B4D 1.0 NA PETROL,4.0,71.02 bhp
1493 cc,4.0,,Manual,Diesel,1.5 l diesel CRDi engine,4.0,113.98 bhp
999 cc,3.0,FWD,Automatic,Petrol,1.0L HRAO,4.0,98.63 bhp
1451 cc,4.0,,Manual,Petrol,1.5L Turbocharged Intercooled,4.0,141 bhp
1373 cc,4.0,FWD,Manual,Petrol,K Series Petrol Engine,4.0,93.7 bhp
1461 cc,4.0,FWD,Manual,Diesel,dCi THP Diesel Engine,4.0,108.45 bhp
1199 cc,4.0,,Automatic,Petrol,1.2 i-VTEC,4.0,88.50 bhp
1197 cc,4.0,FWD,Automatic,Petrol,VTVT Engine,4.0,81.80 bhp
1497 cc,4.0,FWD,Manual,Diesel,1.5L Turbo Diesel,4.0,115 bhp
999 cc,3.0,FWD,Manual,Petrol,1.0L Energy,4.0,71 bhp
999 cc,3.0,FWD,Manual,Petrol,TSI Petrol Engine,4.0,108.62 bhp
998 cc,3.0,FWD,Automatic,Petrol,,4.0,118.35 bhp
1199 cc,3.0,FWD,Manual,Petrol,PURETECH 110,4.0,108.62 bhp
1896 cc,4.0,,Automatic,Diesel,In-Line Engine,4.0,
2494 cc,4.0,FWD,Automatic,Petrol,2AR FXE Petrol Engine,4.0,158.2 bhp
1497 cc,4.0,,Manual,Diesel,1.5l Turbocharged Revotorq,4.0,113.42 bhp
1498 cc,4.0,FWD,Manual,Diesel,TDI Diesel Engine,4.0,88 bhp
1197 cc,4.0,FWD,Manual,Petrol,1.2 L K Series Engine,4.0,88.50 bhp
1197 cc,3.0,FWD,Manual,Petrol,TCMPFi,4.0,108.62 bhp
1197 cc,4.0,,Automatic,Petrol,K Series Dual jet,4.0,88.50 bhp
1497 cc,3.0,FWD,Automatic,Petrol,Ti-VCT Petrol Engine,4.0,121.36 bhp
2179 cc,4.0,FWD,Automatic,Diesel,mHawk Diesel Engine,4.0,152.87 bhp
1497 cc,4.0,FWD,Automatic,Petrol,i VTEC Engine,4.0,117.6 bhp
999 cc,3.0,FWD,Manual,Petrol,1.0L TSI Petrol,4.0,108.62 bhp
1197 cc,4.0,FWD,Automatic,Petrol,1.2L VVT Engine,4.0,81.80 bhp
1498 cc,4.0,FWD,Manual,Petrol,1.5L Petrol,4.0,104.55 bhp
1248 cc,4.0,FWD,Automatic,Diesel,DDiS 200 Diesel Engine,4.0,88.5 bhp
1199 cc,4.0,,Automatic,Petrol,i-VTEC,4.0,88.50 bhp
2198 cc,4.0,FWD,Automatic,Diesel,mHawk,4.0,182 bhp
1969 cc,4.0,FWD,Automatic,Petrol,2.0 litre petrol Engine,4.0,187.40 bhp
1995 cc,4.0,FWD,Automatic,Diesel,Diesel Engine,4.0,188 bhp
1482 cc,4.0,2WD,Automatic,Petrol,Smartstream G1.5 T-GDi,4.0,157.81 bhp
1493 cc,4.0,2WD,Manual,Diesel,1.5 L U2 CRDi Diesel,4.0,113.45 bhp
1999 cc,4.0,FWD,Manual,Petrol,mStallion,4.0,197 bhp
999 cc,3.0,FWD,Automatic,Petrol,1.0 TSI Petrol,4.0,114 bhp
1969 cc,4.0,FWD,Automatic,Diesel,Turbo Diesel Engine,4.0,190 bhp
1493 cc,4.0,2WD,Manual,Diesel,1.5 L U2 CRDi Diesel,4.0,113.98 bhp
1950 cc,4.0,AWD,Automatic,Diesel,OM 651 DE 22 LA,4.0,187.74 bhp
2755 cc,4.0,2WD,Automatic,Diesel,2.8 L Diesel engine,4.0,201.15 bhp
2996 cc,6.0,,Automatic,Petrol,3.0-LITRE V6 BITURBO ENGINE,4.0,384.87 bhp
2925 cc,6.0,AWD,Automatic,Diesel,3.0-litre diesel,4.0,325.86 bhp
1998 cc,4.0,RWD,Automatic,Petrol,TwinPower Turbo 4 Cylinder Petrol Engine,4.0,254.79 bhp
1993 cc,4.0,AWD,Automatic,Diesel,OM654 Turbocharged I4,4.0,265.52 bhp
2925 cc,6.0,AWD,Automatic,Diesel,V Type Engine,4.0,325.8 bhp
2925 cc,6.0,AWD,Automatic,Diesel,,4.0,362.07 bhp
1198 cc,3.0,FWD,Manual,Diesel,mFALCON D75 Engine,4.0,77 bhp
998 cc,3.0,FWD,Manual,CNG,K10B Engine,4.0,58.16 bhp
2998 cc,6.0,AWD,Automatic,Petrol,TwinPower Turbo 6-cylinder engine,4.0,335.25 bhp
1997 cc,4.0,AWD,Automatic,Diesel,TD4  Engine,4.0,201.15 bhp
2755 cc,4.0,4WD,Manual,Diesel,2.8 L Diesel engine,4.0,201.15 bhp
1968 cc,4.0,FWD,Automatic,Diesel,In Line Diesel Engine,4.0,187.74 bhp
2199 cc,4.0,2WD,Automatic,Diesel,D2.2L VGT Diesel,4.0,197.26 bhp
2143 cc,4.0,RWD,Automatic,Diesel,In-Line Engine,4.0,201.15 bhp
1493 cc,4.0,FWD,Automatic,Diesel,1.5 U2 CRDi Diesel,4.0,114 bhp
2400 cc,5.0,AWD,Manual,Diesel,Twin Turbo Diesel Engine,4.0,200 bhp
2184 cc,4.0,4WD,Automatic,Diesel,mHawk 130 CRDe,4.0,130.07 bhp
2198 cc,4.0,FWD,Manual,Diesel,mHAWK,4.0,182 bhp
1796 cc,4.0,RWD,Automatic,Petrol,In-Line Engine,4.0,186 bhp
1197 cc,4.0,,Manual,Petrol,K Series VVT Engine,4.0,81.80 bhp
1498 cc,4.0,FWD,Automatic,Diesel,Diesel Engine,4.0,103.52 bhp
1197 cc,4.0,FWD,Manual,Petrol,K Series Petrol Engine,4.0,85.8 bhp
1498 cc,4.0,FWD,Manual,Petrol,XH2 Petrol Engine,4.0,97.6 bhp
1582 cc,4.0,FWD,Manual,Diesel,U2 VGT Diesel Engine,4.0,126.32 bhp
1591 cc,4.0,FWD,Manual,Petrol,VTVT Petrol Engine,4.0,121.4 bhp
1498 cc,4.0,FWD,Manual,Petrol,HR15 Petrol Engine,4.0,97.7 bhp
1497 cc,4.0,,Automatic,Petrol,1.5 L MPi Petrol,4.0,113.18 bhp
999 cc,3.0,FWD,Manual,Petrol,1.0 SCe,4.0,67.06 bhp
998 cc,3.0,FWD,Manual,CNG,K10C,4.0,55.92 bhp
1298 cc,4.0,,Manual,Petrol,In-Line Engine,4.0,
1368 cc,4.0,FWD,Manual,Petrol,Petrol,4.0,
1969 cc,4.0,AWD,Automatic,Diesel,Turbo Diesel Engine,4.0,190 bhp
2995 cc,6.0,AWD,Automatic,Petrol,3.0 Litre V6 Engine,4.0,335 bhp
1399 cc,4.0,Front Wheel Drive,Manual,Diesel,Diesel Engine,4.0,68 bhp
,,FWD,Automatic,Electric,,,73.75 bhp
1332 cc,4.0,FWD,Automatic,Petrol,,4.0,160.92 bhp
1498 cc,4.0,,Manual,Diesel,i-DTEC,4.0,97.89 bhp
2487 cc,4.0,FWD,Automatic,Petrol,"A25B-FXS, 4 Cylinders In-",4.0,214.56 bhp
1499 cc,4.0,2wd,Manual,Petrol,1.5 L TiVCT,4.0,
2999 cc,6.0,AWD,Automatic,Petrol,M256M,4.0,375.48 bhp
1197 cc,4.0,FWD,Manual,Petrol,K12M VVT I4,4.0,88.50 bhp
1984 cc,4.0,FWD,Automatic,Petrol,In Line Petrol Engine,4.0,241.3 bhp
2999 cc,6.0,AWD,Automatic,Petrol,3.0-litre petrol,4.0,362.07 bhp
1998 cc,4.0,4WD,Automatic,Petrol,2.0L GME T4 DI TC,4.0,264.33 bhp
2995 cc,4.0,AWD,Automatic,Petrol,TFSI Petrol Engine,4.0,340 bhp
1197 cc,4.0,FWD,Manual,Petrol,1.2L Kappa Dual VTVT Petr,4.0,81.86 bhp
2999 cc,6.0,AWD,Automatic,Petrol,M256 engine,4.0,362.07 bhp
1499 cc,4.0,FWD,Manual,Diesel,1.5 litre Diesel Engine,4.0,98.96 bhp
998 cc,3.0,FWD,Manual,CNG,K10B Petrol Engine,4.0,58.33 bhp
1998 cc,4.0,4WD,Automatic,Petrol,2.0L GME T4 DI TC,4.0,268 bhp
2925 cc,6.0,AWD,Automatic,Diesel,in-line six-cylinder OM656,4.0,325.86 bhp
1497 cc,4.0,,Manual,Diesel,1.5l Turbocharged Revotorq Engine,4.0,108.49 bhp
1969 cc,4.0,AWD,Automatic,Diesel,Turbo Diesel Engine,4.0,231.78 bhp
1197 cc,3.0,FWD,Manual,Petrol,Z12E,4.0,80 bhp
1997 cc,4.0,AWD,Automatic,Petrol,TD4  Engine,4.0,246.74 bhp
1373 cc,4.0,2WD,Manual,Petrol,k14B VVT Engine,4.0,91.1 bhp
1997 cc,4.0,4WD,Automatic,Petrol,2.0 Litre Petrol Engine,4.0,237.36 bhp
1199 cc,3.0,FWD,Manual,CNG,1.2 l Revotron,4.0,72 bhp
3346 cc,6.0,AWD,Automatic,Diesel,3.5-liter V6 twin-turbo,4.0,304.41 bhp
1248 cc,4.0,FWD,Manual,Diesel,Diesel,4.0,
1798 cc,4.0,FWD,Automatic,Petrol,In Line Petrol Engine,4.0,187.74 bhp
2151 cc,4.0,2WD,Automatic,Diesel,Smartstream In-line,4.0,190 bhp
1199 cc,3.0,FWD,Manual,Petrol,Revotron Engine,4.0,83.83 bhp
1991 cc,4.0,RWD,Automatic,Petrol,In-Line Petrol Engine,4.0,194.4 bhp
2179 cc,4.0,FWD,Automatic,Diesel,mHawk155 Diesel Engine,4.0,152.87 bhp
1999 cc,4.0,4WD,Automatic,Petrol,M254,4.0,254.79 bhp
1798 cc,4.0,FWD,Manual,Petrol,Turbocharged Petrol Engin,4.0,157.8 bhp
2999 cc,6.0,AWD,Automatic,Petrol,V Type Engine,4.0,362.07 bhp
1496 cc,4.0,FWD,Manual,Petrol,1.5 Dual VVT-i Engine,4.0,105.5 bhp
1995 cc,4.0,RWD,Automatic,Diesel,TwinPower Turbo Inline 4 Cylinder Engine,4.0,187.74 bhp
1984 cc,4.0,AWD,Automatic,Petrol,2.0 L 40 TFS,4.0,187.74 bhp
1984 cc,4.0,AWD,Automatic,Petrol,2.0 L TFSI,4.0,245.59 bhp
2998 cc,6.0,4WD,Automatic,Petrol,TwinPower Turbo 6-cylinder engine,4.0,375.48 bhp
1968 cc,4.0,FWD,Automatic,Diesel,TDI Diesel Engine,4.0,187.74 bhp
1591 cc,4.0,FWD,Automatic,Petrol,VTVT Petrol Engine,4.0,121.4 bhp
1199 cc,3.0,FWD,Manual,CNG,1.2L Revotron,4.0,74.46 bhp
1998 cc,4.0,RWD,Automatic,Petrol,2.0L Turbo Petrol,4.0,254.79 bhp
1493 cc,3.0,RWD,Manual,Diesel,mHAWK75 BSVI,4.0,74.96 bhp
1499 cc,3.0,FWD,Automatic,Petrol,B38 turbo I3,4.0,134.10 bhp
,4.0,2WD,Manual,Petrol,SmartStream G1.5,4.0,
1968 cc,4.0,FWD,Automatic,Diesel,TDI Diesel Engine,4.0,143 bhp
2998 cc,6.0,AWD,Automatic,Petrol,TwinPower Turbo 6-cylinder engine,4.0,335.26 bhp
1461 cc,4.0,FWD,Manual,Diesel,dCi Diesel Engine,4.0,83.8 bhp
1598 cc,4.0,Two Wheel Drive,Automatic,Petrol,In Line Petrol Engine,4.0,
1997 cc,4.0,AWD,Automatic,Petrol,2.0L Turbocharged I4,4.0,296 bhp
3346 cc,6.0,4WD,Automatic,Diesel,F33A-FTV,4.0,304.41 bhp
1997 cc,4.0,AWD,Automatic,Petrol,2.0 Litre P300 Petrol Engine,4.0,296.3 bhp
999 cc,3.0,,Manual,Petrol,1.0 SCe,4.0,67.06 bhp
,,AWD,Automatic,Electric,,,750.97 bhp
1493 cc,4.0,FWD,Manual,Diesel,1.5 l diesel CRDi engine,4.0,113.98 bhp
1199 cc,3.0,,Manual,CNG,1.2L Revotron Engine,4.0,72.40 bhp
2184 cc,4.0,4WD,Automatic,Diesel,2.2L mHawk,4.0,172 bhp
999 cc,3.0,FWD,Automatic,Petrol,TSI Petrol Engine,4.0,108.62 bhp
1197 cc,4.0,FWD,Manual,Petrol,K Series VVT Engine,4.0,83.14 bhp
2694 cc,4.0,2WD,Automatic,Petrol,2.7L Petrol Engine,4.0,163.60 bhp
1199 cc,3.0,FWD,Manual,Petrol,1.2L Revotron,4.0,86.79 bhp
1498 cc,4.0,FWD,Manual,Petrol,i-VTEC,4.0,119 bhp
1956 cc,4.0,FWD,Manual,Diesel,2.0L Turbocharged Diesel,4.0,167.67 bhp
1497 cc,4.0,,Automatic,Diesel,1.5l Turbocharged Revotorq Engine,4.0,108.49 bhp
1497 cc,4.0,FWD,Manual,Diesel,1.5L KRYOJET,4.0,116 bhp
2184 cc,4.0,4WD,Manual,Diesel,mHawk 130 CRDe,4.0,130.07 bhp
1498 cc,4.0,FWD,Automatic,Petrol,1.5 TSI Petrol Engine,4.0,147.51 bhp
2393 cc,4.0,RWD,Automatic,Diesel,2-GD FTV Engine,4.0,147.51 bhp
2776 cc,4.0,RWD,Automatic,Diesel,Duramax Engine,4.0,197.2 bhp
1968 cc,4.0,Four Whell Drive,Manual,Diesel,Turbocharged diesel engin,4.0,
2157 cc,4.0,RWD,Automatic,Diesel,D22DTR,4.0,178.49 bhp
1497 cc,4.0,FWD,Manual,Petrol,1.5L MPi,4.0,113.18 bhp
1997 cc,4.0,FWD,Automatic,Petrol,i-VTEC Petrol Engine,4.0,153.86 bhp
1996 cc,4.0,4WD,Automatic,Diesel,Diesel 2.0 Twin Turbo,4.0,215.01 bhp
1461 cc,4.0,FWD,Manual,Diesel,1.5 K9K Diesel,4.0,108 bhp
1498 cc,4.0,FWD,Manual,Diesel,TDCi Diesel Engine,2.0,89.84 bhp
1199 cc,3.0,FWD,Manual,Petrol,1.2 l Revotron,4.0,87 bhp
1968 cc,4.0,AWD,Manual,Diesel,Diesel Engine,4.0,138.08 bhp
1497 cc,4.0,FWD,Automatic,Petrol,1.5L MPi Petrol,4.0,113.18 bhp
2179 cc,4.0,4WD,Automatic,Diesel,SD4 Diesel  Engine,4.0,187.7 bhp
1956 cc,4.0,FWD,Manual,Diesel,Kryotec 2.0LTurbocharged,4.0,138.1 bhp
4999 cc,8.0,4WD,Automatic,Petrol,V-Type Engine,4.0,567.25 bhp
1598 cc,4.0,Two Wheel Drive,Manual,Petrol,In Line Petrol Engine,4.0,
1197 cc,4.0,,Manual,Petrol,VTVT Engine,4.0,81.80 bhp
1197 cc,4.0,FWD,Manual,CNG,Kappa VTVT Petrol Engine,4.0,65.39 bhp
1498 cc,4.0,FWD,Manual,Diesel,i-DTEC Engine,4.0,98.6 bhp
1197 cc,4.0,FWD,Manual,Petrol,K Series VVT Engine,4.0,83.11 bhp
1150 cc,4.0,FWD,Manual,Petrol,In-Line Engine,2.0,74.9 bhp
1798 cc,4.0,Front Wheel Drive,Manual,Petrol,Turbo Charged Petrol Engi,4.0,
1498 cc,4.0,FWD,Automatic,Diesel,Diesel Engine,4.0,108.6 bhp
1199 cc,4.0,FWD,Manual,Petrol,Smartech Engine,4.0,79.4 bhp
2993 cc,6.0,4WD,Automatic,Diesel,xDrive30d Diesel Engine,4.0,258 bhp
1364 cc,4.0,FWD,Manual,Diesel,D-4D Diesel Engine,4.0,87.2 bhp
1197 cc,4.0,,Manual,CNG,VVT,4.0,
2982 cc,4.0,FWD,Automatic,Diesel,D-4D Diesel Engine,4.0,168.5 bhp
1199 cc,3.0,FWD,Manual,Petrol,1.2 L Revotron,4.0,84.88 bhp
796 cc,3.0,2WD,Manual,Petrol,In-Line Engine,4.0,46.3 bhp
1997 cc,4.0,RWD,Automatic,Petrol,mStallion 150 TGDi,4.0,150.19 bhp
1968 cc,4.0,FWD,Automatic,Diesel,TDI Diesel Engine,4.0,147.51 bhp
2982 cc,4.0,4WD,Manual,Diesel,4 Cylinders In-line,4.0,
1199 cc,3.0,FWD,Automatic,Petrol,1.2L Revotron,4.0,85 bhp
1499 cc,4.0,FWD,Manual,Petrol,Ti-VCT Petrol Engine,4.0,110.4 bhp
999 cc,3.0,FWD,Automatic,Petrol,HRA0 1.0 TURBO PETROL,4.0,98.63 bhp
1086 cc,4.0,FWD,Manual,Petrol,1.1 litre Petrol Engine,3.0,68 bhp
2231 cc,4.0,AWD,Automatic,Diesel,VCDi Diesel Engine,4.0,184 bhp
5000 cc,8.0,,Automatic,Petrol,5.0 Litre V8 Petrol AJ-V8,4.0,503 bhp
1968 cc,4.0,FWD,Automatic,Diesel,Diesel Engine,4.0,141 bhp
1586 cc,4.0,,Manual,Petrol,In-Line Engine,4.0,
1462 cc,4.0,4WD,Manual,Petrol,K15B,4.0,103 bhp
1197 cc,4.0,FWD,Manual,Petrol,DOHC Engine,4.0,78.9 bhp
1582 cc,4.0,FWD,Manual,Diesel,Diesel Engine,4.0,126.32 bhp
796 cc,3.0,,Manual,Petrol,F8D Petrol Engine,4.0,47.33 bhp
1968 cc,4.0,4WD,Automatic,Diesel,2.0-litre TDI Diesel Engi,4.0,148 bhp
998 cc,3.0,,Automatic,Petrol,1.0 l Kappa turbo GDi petrol,4.0,118.41 bhp
998 cc,3.0,FWD,Manual,Petrol,Smartstream G1.0 TGDi,4.0,118 bhp
1196 cc,4.0,RWD,Manual,Petrol,In-Line Engine,4.0,73 bhp
1998 cc,4.0,,Automatic,Petrol,TwinPower Turbo 4-Cylinder engine,4.0,189.08 bhp
1998 cc,4.0,FWD,Automatic,Petrol,Petrol Engine,4.0,258 bhp
2925 cc,6.0,RWD,Automatic,Diesel,L6 Diesel Engine,4.0,281.61 bhp
2998 cc,6.0,RWD,Automatic,Petrol,TwinPower Turbo Inline 6,4.0,321.84 bhp
2494 cc,4.0,FWD,Automatic,Petrol,2AR-FXE Petrol Engine,4.0,157.7 bhp
1968 cc,4.0,FWD,Manual,Diesel,TDI Diesel Engine,4.0,138.13 bhp
1998 cc,4.0,RWD,Automatic,Petrol,TwinPower Turbo Inline 4,4.0,252 bhp
2993 cc,6.0,FWD,Automatic,Diesel,Diesel Engine,4.0,261.4 bhp
1968 cc,4.0,AWD,Automatic,Diesel,Common Rail Direct Inject,4.0,141 bhp
1399 cc,4.0,FWD,Manual,Diesel,Duratorq Diesel Engine,2.0,68.05 bhp
1969 cc,4.0,AWD,Automatic,Petrol,Turbo Petrol Engine,4.0,250 bhp
2755 cc,4.0,4WD,Automatic,Diesel,2.8 L Diesel engine,4.0,201.15 bhp
1498 cc,4.0,FWD,Automatic,Diesel,i-DTEC Diesel Engine,4.0,78.9 bhp
1497 cc,4.0,,Automatic,Petrol,1.5 l MPi petrol,4.0,113.18 bhp
2987 cc,6.0,RWD,Automatic,Diesel,V6 Diesel Engine,4.0,254.8 bhp
1956 cc,4.0,4X2,Manual,Diesel,2.0-Litre 4-Cyl Multijet II Engine,4.0,170 bhp
999 cc,3.0,,Manual,Petrol,1.0L energy,4.0,71.01 bhp
998 cc,3.0,,Automatic,Petrol,1.0 l Turbo GDi petrol,4.0,118.41 bhp
2987 cc,6.0,AWD,Automatic,Diesel,V-Type Engine,4.0,
998 cc,3.0,,Automatic,Petrol,K10C,4.0,65.71 bhp
1197 cc,4.0,,Manual,Petrol,1.2 l Kappa petrol,4.0,81.86 bhp
998 cc,3.0,,Automatic,Petrol,1.0 Turbo GDI,4.0,118.41 bhp
1197 cc,4.0,FWD,Manual,Petrol,1.2-Litre VVT Petrol Engi,4.0,81.80 bhp
998 cc,3.0,,Manual,Petrol,1.0 Turbo GDi petrol,4.0,98.63 bhp
1197 cc,4.0,FWD,Manual,CNG,1.2 l Bi-Fuel,4.0,68 bhp
1197 cc,4.0,,Automatic,Petrol,VTVT Engine,4.0,81.80 bhp
1197 cc,4.0,FWD,Manual,Petrol,1.2L VVT Engine,4.0,81.80 bhp
1197 cc,4.0,FWD,Automatic,Petrol,DOHC Engine,4.0,78.9 bhp
1186 cc,4.0,,Automatic,Diesel,1.2 U2 CRDi diesel,4.0,73.97 bhp
1248 cc,4.0,FWD,Manual,Diesel,In-Line Engine,4.0,73.9 bhp
1197 cc,4.0,,Automatic,Petrol,In-Line Engine,4.0,
998 cc,3.0,FWD,Automatic,Petrol,K Series Petrol Engine,4.0,67.1 bhp
998 cc,3.0,FWD,Automatic,Petrol,K10B Petrol Engine,4.0,67.05 bhp
998 cc,3.0,FWD,Automatic,Petrol,K10C,4.0,65.71 bhp
799 cc,3.0,FWD,Manual,Petrol,Petrol Engine,4.0,53.26 bhp
1197 cc,4.0,,Manual,Petrol,1.2 L Petrol Engine,4.0,88.50 bhp
1198 cc,3.0,FWD,Manual,Petrol,In Line Petrol Engine,4.0,67.04 bhp
1086 cc,4.0,,Manual,Petrol,,4.0,
1086 cc,4.0,,Manual,Petrol,In-Line Engine,3.0,
1199 cc,3.0,FWD,Manual,Petrol,JTP 1.2L Turbo charged pe,4.0,112.44 bhp
999 cc,3.0,2WD,Manual,Petrol,1.0L Petrol Engine,4.0,67 bhp
1194 cc,3.0,FWD,Manual,Petrol,1.2 litre Petrol Engine,4.0,94.68 bhp
1199 cc,3.0,FWD,Manual,CNG,1.2 L Revotron,4.0,74.46 bhp
1497 cc,4.0,,Manual,Diesel,1.5 l Turbocharged Revotorq,4.0,88.77 bhp
1199 cc,3.0,,Automatic,Petrol,1.2 L Revotron,4.0,84.82 bhp
1199 cc,3.0,FWD,Automatic,Petrol,Revotron 1.2 l,4.0,84.48 bhp
1461 cc,4.0,Two Whhel Drive,Manual,Diesel,In-Line Diesel Engine,2.0,63.1 bhp
1462 cc,4.0,FWD,Manual,Petrol,K15 Smart Hybrid Petrol Engine,4.0,103.25 bhp
1199 cc,3.0,FWD,Manual,Diesel,In-Line Diesel Engine,4.0,73.9 bhp
1364 cc,4.0,,Manual,Diesel,,4.0,
993 cc,4.0,,Manual,Petrol,In-Line Engine,4.0,
1197 cc,4.0,,Automatic,Petrol,1.2 l Kappa dual petrol,4.0,81.86 bhp
1199 cc,3.0,FWD,Manual,Petrol,1.2 l Revotron Engine,4.0,86.63 bhp
1462 cc,4.0,FWD,Manual,Petrol,k15B VVT Engine,4.0,103.25 bhp
1497 cc,4.0,,Manual,Petrol,1.5 l MPi petrol,4.0,113.18 bhp
1248 cc,4.0,FWD,Manual,Diesel,DDiS Diesel Engine,4.0,74.02 bhp
999 cc,3.0,FWD,Automatic,Petrol,1.0L Turbo,4.0,98.63 bhp
1598 cc,4.0,FWD,Manual,Diesel,DDiS 320 Diesel Engine,4.0,118 bhp
936 cc,3.0,FWD,Manual,Diesel,Smartech Engine,4.0,57.6 bhp
1197 cc,4.0,,Automatic,Petrol,1.2 l Kappa petrol,4.0,86.80 bhp
1582 cc,4.0,FWD,Manual,Diesel,U2 CRDI VGT Engine,4.0,126.2 bhp
1462 cc,4.0,FWD,Automatic,Petrol,k15B VVT Engine,4.0,103.25 bhp
999 cc,3.0,,Automatic,Petrol,HRA0 1.0 TURBO PETROL,4.0,98.63 bhp
1186 cc,4.0,,Automatic,Diesel,1.2 l U2 CRDi diesel,4.0,73.97 bhp
1120 cc,3.0,FWD,Manual,Diesel,U2 CRDI Diesel Engine,4.0,71 bhp
936 cc,3.0,FWD,Manual,Diesel,XSDE Engine,4.0,56.3 bhp
1197 cc,3.0,FWD,Automatic,Petrol,Z12E,4.0,80 bhp
1461 cc,4.0,FWD,Manual,Diesel,dCi Diesel Engine,4.0,84.8 bhp
1498 cc,4.0,FWD,Manual,Diesel,TDI Diesel Engine,4.0,108.62 bhp
1198 cc,4.0,FWD,Automatic,Petrol,i-VTEC Petrol Engine,4.0,86.7 bhp
1596 cc,4.0,FWD,Manual,Petrol,In-Line Engine,4.0,99.6 bhp
1798 cc,4.0,FWD,Manual,Petrol,DOHC Dual VVT-i Petrol En,4.0,138.1 bhp
1582 cc,4.0,FWD,Automatic,Diesel,U2 CRDI VGT Engine,4.0,126.2 bhp
1462 cc,4.0,FWD,Automatic,Petrol,K15C,4.0,101.64 bhp
1498 cc,4.0,2wd,Manual,Diesel,1.5 L TDCi,2.0,
1396 cc,4.0,FWD,Manual,Diesel,In-Line Engine,2.0,
1199 cc,3.0,,Automatic,Petrol,1.2 l Revotron Engine,4.0,86.63 bhp
1197 cc,4.0,FWD,Automatic,Petrol,TSI Petrol Engine,2.0,103.5 bhp
1199 cc,3.0,FWD,Manual,Petrol,1.2 L Revotron,4.0,85 bhp
998 cc,3.0,FWD,Manual,Petrol,1.0 l Kappa Turbo,4.0,118 bhp
1984 cc,4.0,AWD,Automatic,Petrol,In-Line Engine,4.0,
1498 cc,4.0,FWD,Automatic,Petrol,HR15 Petrol Engine,4.0,99.61 bhp
1496 cc,4.0,,Manual,Petrol,,4.0,
1462 cc,4.0,2WD,Automatic,Petrol,K15C Smart Hybrid,4.0,101.65 bhp
1796 cc,4.0,RWD,Automatic,Petrol,In-Line Engine,0.0,
1598 cc,4.0,FWD,Automatic,Petrol,In-Line Petrol Engine,4.0,103.6 bhp
2143 cc,4.0,FWD,Automatic,Diesel,Blue Efficiency Petrol En,4.0,120.7 bhp
1497 cc,4.0,,Manual,Petrol,1.5 L MPi Petrol,4.0,113.18 bhp
1497 cc,4.0,FWD,Manual,Diesel,D15 1.5 Liter Diesel Engi,4.0,121 bhp
1197 cc,4.0,FWD,Manual,CNG,1.2 L K Series Engine,4.0,76.43 bhp
1197 cc,4.0,FWD,Automatic,Petrol,1.2 l Kappa,4.0,81.8 bhp
1598 cc,4.0,FWD,Manual,Petrol,In-Line Petrol Engine,4.0,103.5 bhp
1497 cc,4.0,FWD,Automatic,Petrol,SOHC i-VTEC,4.0,116.3 bhp
1482 cc,4.0,FWD,Automatic,Petrol,1.5l Turbo GDi,4.0,158 bhp
1493 cc,3.0,RWD,Manual,Diesel,mCR100 Diesel Engine,4.0,100 bhp
1493 cc,4.0,,Manual,Diesel,1.5 U2 CRDi,4.0,113.45 bhp
,,,Automatic,Electric,,,127 bhp
1498 cc,4.0,FWD,Automatic,Diesel,TDI Diesel Engine,4.0,108.6 bhp
999 cc,3.0,FWD,Manual,Petrol,1.0L TSI,4.0,114 bhp
1595 cc,4.0,FWD,Automatic,Petrol,In-Line Petrol Engine,4.0,120.7 bhp
1498 cc,4.0,FWD,Manual,Diesel,TDI Diesel Engine,4.0,103.2 bhp
1482 cc,4.0,FWD,Manual,Petrol,1.5 l Turbo GDi Petrol,4.0,158 bhp
1493 cc,4.0,FWD,Automatic,Diesel,1.5L U2 CRDi,4.0,114 bhp
1462 cc,4.0,FWD,Automatic,Petrol,K15B ISG Petrol Engine,4.0,103.26 bhp
2494 cc,4.0,,Manual,Diesel,In-Line Engine,4.0,
2143 cc,4.0,RWD,Automatic,Diesel,In-Line Engine,0.0,
796 cc,3.0,FWD,Manual,Petrol,Hi-Tech Petrol Engine,2.0,37 bhp
2143 cc,4.0,RWD,Automatic,Diesel,CDI Blue Efficiency Engin,4.0,170 bhp
1198 cc,3.0,FWD,Manual,Petrol,1.2L PureTech 82,4.0,80.46 bhp
1197 cc,4.0,FWD,Manual,Petrol,Petrol Engine,4.0,81.80 bhp
1493 cc,4.0,FWD,Automatic,Diesel,1.5 l diesel CRDi engine,4.0,113.98 bhp
1395 cc,4.0,FWD,Automatic,Petrol,TFSI Petrol Engine,4.0,147.51 bhp
1991 cc,4.0,AWD,Automatic,Petrol,AMG 2.0-LITRE 4-CYLINDER ENGINE,4.0,301.73 bhp
1497 cc,4.0,FWD,Manual,Petrol,Smartstream,4.0,113.42 bhp
1969 cc,5.0,AWD,Automatic,Petrol,Turbo Petrol Engine,4.0,250 bhp
1497 cc,4.0,FWD,Automatic,Petrol,1.5L MPi,4.0,113.18 bhp
1997 cc,4.0,4X4,Automatic,Petrol,mStallion 150 TGDi Engine,4.0,150 bhp
1395 cc,4.0,FWD,Manual,Petrol,1.4TSI Petrol Engine,4.0,148 bhp
2993 cc,6.0,,Automatic,Diesel,,4.0,261.49 bhp
1493 cc,3.0,RWD,Manual,Diesel,mHAWK 75 BSVI,4.0,74.96 bhp
1969 cc,4.0,AWD,Automatic,Petrol,,4.0,295.89 bhp
1991 cc,4.0,AWD,Automatic,Petrol,Petrol Engine,4.0,183 bhp
1248 cc,4.0,FWD,Automatic,Diesel,Quadrajet Engine,4.0,88.7 bhp
1984 cc,4.0,FWD,Automatic,Petrol,2.0TSI Turbocharged Petro,4.0,227 bhp
1998 cc,4.0,FWD,Automatic,Petrol,2.0 L TFSI petrol engine,4.0,187.74 bhp
2494 cc,4.0,4WD,Automatic,Petrol,Gasoline Hybrid and E-FOUR,4.0,115.32 bhp
3604 cc,6.0,4WD,Automatic,Petrol,3.6-Litre V6 Petrol Engin,4.0,285.6 bhp
1493 cc,4.0,2WD,Manual,Diesel,1.5 T-CRDi VGT,4.0,114.41 bhp
1798 cc,4.0,FWD,Automatic,Petrol,TFSI Petrol Engine,4.0,167.62 bhp
2487 cc,4.0,FWD,Automatic,Petrol,2.5 Gasoline Hybrid Petrol Engine,4.0,214.5 bhp
2487 cc,4.0,FWD,Automatic,Petrol,2.5L Dynamic Force Engine,4.0,175.67 bhp
1493 cc,4.0,2WD,Automatic,Diesel,1.5L CRDi VGT,4.0,114.41 bhp
1896 cc,4.0,FWD,Automatic,Diesel,In-Line Engine,4.0,
1493 cc,4.0,2WD,Automatic,Diesel,1.5 L CRDi WGT,4.0,114.41 bhp
1493 cc,4.0,FWD,Automatic,Diesel,CRDi VGT,4.0,114.41 bhp
1248 cc,4.0,,Manual,Diesel,Diesel Engine,4.0,
1987 cc,4.0,FWD,Automatic,Petrol,2.0 TNGA 5th Generation in-line VVTi,4.0,183.72 bhp
1799 cc,4.0,FWD,Automatic,Petrol,1.8-litre i-VTEC petrol e,4.0,139.46 bhp
1999 cc,4.0,4WD,Automatic,Diesel,TD4 Diesel Engine,4.0,147.5 bhp
1493 cc,4.0,2WD,Automatic,Diesel,1.5 L U2 CRDi Diesel,4.0,113.45 bhp
2998 cc,6.0,AWD,Automatic,Petrol,B58 turbo I6,4.0,375.48 bhp
2993 cc,6.0,RWD,Automatic,Diesel,Diesel Engine,4.0,258 bhp
2494 cc,4.0,RWD,Manual,Diesel,2KD-FTV Diesel Engine,4.0,100.6 bhp
1998 cc,4.0,FWD,Automatic,Petrol,Petrol Engine,4.0,254.7 bhp
1597 cc,4.0,FWD,Manual,Diesel,1.6-litre i-DTEC  diesel engine,4.0,118 bhp
1999 cc,4.0,FWD,Automatic,Diesel,Diesel Engine,4.0,177 bhp
1997 cc,4.0,,Automatic,Petrol,,4.0,
1395 cc,4.0,FWD,Automatic,Petrol,TFSI Petrol Engine,4.0,150 bhp
1950 cc,4.0,RWD,Automatic,Diesel,CDI In-line Engine,4.0,191.7 bhp
1999 cc,4.0,RWD,Automatic,Diesel,Diesel Engine,4.0,177 bhp
1995 cc,4.0,RWD,Automatic,Diesel,Diesel Engine,4.0,184 bhp
,,AWD,Automatic,Electric,,,237.99 bhp
,,AWD,Automatic,Electric,,,308.43 bhp
,,AWD,Automatic,Electric,,,321.84 bhp
999 cc,3.0,FWD,Manual,Petrol,1.0L B4D,4.0,71.01 bhp
2998 cc,6.0,4WD,Automatic,Petrol,3.0 L 6-cylinder,4.0,375.48 bhp
1496 cc,4.0,FWD,Automatic,Petrol,1.5 Dual VVT-i Engine,4.0,105.94 bhp
2694 cc,4.0,2WD,Manual,Petrol,2.7L Petrol Engine,4.0,163.60 bhp
2755 cc,4.0,4WD,Automatic,Diesel,1-GD FTV Engine,4.0,174.5 bhp
1995 cc,4.0,RWD,Automatic,Diesel,Diesel Engine,4.0,190 bhp
2184 cc,4.0,4X4,Manual,Diesel,mHawk 130 Engine,4.0,130 bhp
998 cc,3.0,FWD,Manual,CNG,K10B Engine,4.0,58.33 bhp
1984 cc,4.0,4WD,Automatic,Petrol,Turbocharged Petrol Engine,4.0,187.74 bhp
2198 cc,4.0,FWD,Manual,Diesel,mHAWK (CRDi),4.0,182.38 bhp
1996 cc,4.0,4x2,Automatic,Diesel,DIESEL 2.0L TURBO,4.0,158.79 bhp
1998 cc,4.0,,Automatic,Petrol,,4.0,248.08 bhp
1199 cc,3.0,FWD,Manual,CNG,1.2L iCNG,4.0,72.49 bhp
1984 cc,4.0,FWD,Automatic,Petrol,2.0 L TFSI petrol engine,4.0,207 bhp
,,AWD,Automatic,Electric,,,402.30 bhp
,,AWD,Automatic,Electric,,,402.3 bhp
2198 cc,4.0,AWD,Automatic,Diesel,2.2 L Turbo Diesel,4.0,182.38 bhp
,,AWD,Automatic,Electric,,,516.29 bhp
1995 cc,4.0,2WD,Automatic,Diesel,e- VGT R 2.0 Diesel,4.0,182.46 bhp
,,FWD,Automatic,Electric,,,181.03 bhp
2925 cc,6.0,AWD,Automatic,Diesel,OM 656 Engine,0.0,281.61 bhp
1998 cc,4.0,RWD,Automatic,Petrol,TwinPower Turbo inline 4-cylinder engine,4.0,254.79 bhp
1997 cc,4.0,AWD,Automatic,Petrol,petrol engine,4.0,246.74 bhp
1497 cc,4.0,FWD,Automatic,Diesel,1.5 Diesel Engine,4.0,115 bhp
1197 cc,4.0,FWD,Automatic,Petrol,1.2 l Kappa,4.0,82 bhp
1186 cc,4.0,,Manual,Diesel,1.2 l U2 CRDi diesel,4.0,73.97 bhp
1497 cc,4.0,FWD,Manual,Diesel,1.5L Revotorq Turbocharged,4.0,108.50 bhp
1999 cc,4.0,AWD,Automatic,Diesel,Turbocharged Diesel engine,4.0,245.4 bhp
1798 cc,4.0,FWD,Automatic,Petrol,2ZR-FE Petrol Engine,4.0,138.03 bhp
1956 cc,4.0,AWD,Automatic,Diesel,2.0 L Multijet Diesel,4.0,167.67 bhp
1997 cc,4.0,RWD,Automatic,Petrol,2.0l 4-cylinder Turbocharged Petro,4.0,246.74 bhp
1998 cc,4.0,,Automatic,Petrol,TwinPower Turbo inline 4-cylinder engine,4.0,254.79 bhp
999 cc,3.0,,Manual,Petrol,1.0L Turbo,4.0,98.63 bhp
2998 cc,6.0,4WD,Automatic,Petrol,B58 Turbocharged I6,4.0,368.78 bhp
1991 cc,4.0,FWD,Automatic,Petrol,In Line Petrol Engine,4.0,183 bhp
1998 cc,5.0,AWD,Automatic,Petrol,Turbo Petrol Engine,4.0,246.74 bhp
1496 cc,4.0,FWD,Manual,Petrol,Petrol Engine,4.0,88.73 bhp
1798 cc,4.0,FWD,Manual,Petrol,In-Line Engine,4.0,138 bhp
1198 cc,3.0,FWD,Automatic,Petrol,In Line Petrol Engine,4.0,76 bhp
4951 cc,8.0,RWD,Automatic,Petrol,5.0L Ti-VCT V8,4.0,395 bhp
1493 cc,4.0,,Automatic,Diesel,1.5 l diesel CRDi engine,4.0,113.98 bhp
6750 cc,12.0,AWD,Automatic,Petrol,V12,4.0,563 bhp
1498 cc,4.0,,Manual,Petrol,H4K Petrol Engine,4.0,104.55 bhp
1998 cc,4.0,RWD,Automatic,Diesel,TwinPower Turbo,4.0,187.74 bhp
1198 cc,3.0,FWD,Manual,Petrol,In-Line Petrol Engine,4.0,75 bhp
2694 cc,4.0,RWD,Manual,Petrol,2-TR-FE Dual VVT-i Engine,4.0,163.7 bhp
1498 cc,4.0,,Manual,Petrol,1.5L TSI EVO with ACT,4.0,147.51 bhp
2198 cc,4.0,RWD,Manual,Diesel,Diesel Engine,4.0,157.7 bhp
2179 cc,4.0,,Manual,Diesel,mHawk Diesel Engine,4.0,136.78 bhp
1086 cc,4.0,FWD,Manual,Petrol,1.1 L Petrol,3.0,68.05 bhp
1995 cc,4.0,,Automatic,Diesel,TwinPower Turbo 4-Cylinder engine,4.0,187.74 bhp
1368 cc,4.0,4X2,Manual,Petrol,1.4-Litre 4-Cyl Multiair,4.0,160 bhp
1451 cc,4.0,FWD,Manual,Petrol,,4.0,141 bhp
1598 cc,4.0,FWD,Manual,Petrol,K4M Petrol Engine,4.0,102.53 bhp
1462 cc,4.0,FWD,Automatic,Petrol,K15 Smart Hybrid Petrol Engine,4.0,103.25 bhp
1353 cc,4.0,FWD,Automatic,Petrol,1.4L GDi Turbo Petrol,4.0,138.08 bhp
1199 cc,4.0,FWD,Automatic,Petrol,1.2L i-VTEC,4.0,89 bhp
1197 cc,4.0,,Manual,CNG,1.2 l Bi-fuel,4.0,68.05 bhp
1995 cc,4.0,,Automatic,Diesel,,4.0,187.74 bhp
999 cc,3.0,FWD,Manual,Petrol,1.0L HRAO,4.0,98.63 bhp
1497 cc,4.0,FWD,Manual,Petrol,1.5L MPi Petrol,4.0,113.18 bhp
999 cc,3.0,2WD,Manual,Petrol,HRA0 1.0 TURBO PETROL,4.0,98.63 bhp
3982 cc,8.0,,Automatic,Petrol,4.0-litre V8 Biturbo,4.0,469.35 bhp
1461 cc,4.0,2WD,Manual,Diesel,4 Cylinder 8 valve,2.0,64.1 bhp
1368 cc,4.0,4X2,Automatic,Petrol,1.4-Litre 4-Cyl Multiair Engine,4.0,160.77 bhp
1997 cc,4.0,4X4,Manual,Petrol,mStallion 150 TGDi Engine,4.0,150 bhp
998 cc,3.0,FWD,Manual,Petrol,Smartstream G1.0T-GDi,4.0,118 bhp
1987 cc,4.0,FWD,Automatic,Petrol,,4.0,150.19 bhp
2157 cc,4.0,,Automatic,Diesel,2.2L Diesel Engine,4.0,178.49 bhp
1995 cc,4.0,AWD,Automatic,Diesel,Diesel Engine,4.0,190 bhp
1991 cc,4.0,RWD,Automatic,Petrol,In-Line Petrol Engine,4.0,184 bhp
1497 cc,4.0,RWD,Manual,Diesel,D117 CRDe,4.0,116.93 bhp
998 cc,3.0,2WD,Automatic,Petrol,G1.0 T - GDi,4.0,118.35 bhp
1186 cc,4.0,,Manual,Diesel,1.2 U2 CRDi diesel,4.0,73.97 bhp
1998 cc,4.0,,Automatic,Petrol,TwinPower Turbo 4-Cylinder engine,4.0,257.47 bhp
1396 cc,4.0,FWD,Manual,Petrol,VTVT Petrol Engine,4.0,105.5 bhp
1998 cc,4.0,RWD,Automatic,Petrol,Petrol Engine,4.0,184 bhp
999 cc,3.0,FWD,Manual,Petrol,1.0L Turbo,4.0,98.63 bhp
1598 cc,4.0,FWD,Automatic,Petrol,Petrol Engine,4.0,103.52 bhp
1196 cc,4.0,RWD,Manual,CNG,In-Line Engine,4.0,63 bhp
1197 cc,4.0,FWD,Automatic,Petrol,K12M Petrol Engine,4.0,81.80 bhp
1968 cc,4.0,AWD,Automatic,Diesel,TDI Quattro Engine,4.0,188 bhp
1991 cc,4.0,,Automatic,Petrol,Petrol Engine,4.0,254.79 bhp
1199 cc,3.0,FWD,Manual,CNG,1.2L Revotron,4.0,72.41 bhp
2487 cc,4.0,FWD,Automatic,Petrol,2.5-liter L4 engine,4.0,214.56 bhp
3982 cc,8.0,AWD,Automatic,Petrol,4.0L V8 biturbo,0.0,469 bhp
1997 cc,4.0,RWD,Automatic,Petrol,Petrol Engine,4.0,197 bhp
1496 cc,4.0,FWD,Automatic,Petrol,1.5 Dual VVT-i Engine,4.0,105.5 bhp
1197 cc,4.0,,Manual,CNG,1.2 Kappa petrol,4.0,68.05 bhp
1462 cc,4.0,2WD,Manual,Petrol,K15 Smart Hybrid,4.0,103 bhp
1999 cc,4.0,AWD,Automatic,Petrol,,4.0,201 bhp
1996 cc,4.0,RWD,Automatic,Diesel,EcoBlue engine,4.0,167.62 bhp
1482 cc,4.0,FWD,Automatic,Petrol,1.5L Turbo GDi Petrol,4.0,157.57 bhp
1086 cc,4.0,FWD,Manual,CNG,,3.0,58 bhp
1998 cc,4.0,4WD,Automatic,Petrol,xDrive28i Petrol Engine,4.0,245 bhp
,,FWD,Automatic,Electric,,,165 bhp
1956 cc,4.0,4X4,Automatic,Diesel,2.0-Litre 4-Cyl Multijet II Engine,4.0,170 bhp
1991 cc,4.0,RWD,Automatic,Petrol,In-Line Engine,4.0,184 bhp
1950 cc,4.0,FWD,Automatic,Diesel,,4.0,187.74 bhp
1996 cc,4.0,2WD,Automatic,Diesel,Diesel 2.0 Turbo,4.0,160.77 bhp
1997 cc,4.0,4WD,Manual,Petrol,mStallion 150 TGDi,4.0,150.19 bhp
1798 cc,4.0,FWD,Manual,Petrol,2ZR-FE Gasoline 4Cylinder,4.0,138 bhp
2755 cc,4.0,RWD,Automatic,Diesel,1-GD FTV Engine,4.0,174.5 bhp
1999 cc,4.0,4WD,Automatic,Petrol,Si4 Petrol Engine,4.0,237 bhp
1498 cc,4.0,FWD,Manual,Petrol,1.5 L HR15 Petrol,4.0,104.55 bhp
998 cc,3.0,FWD,Manual,CNG,K10B Engine,4.0,58.2 bhp
1482 cc,4.0,FWD,Manual,Petrol,1.5L Turbo GDi Petrol,4.0,157.57 bhp
2184 cc,4.0,4X4,Automatic,Diesel,mHawk 130 Engine,4.0,130 bhp
998 cc,3.0,FWD,Automatic,Petrol,K10B,4.0,67.05 bhp
1496 cc,4.0,RWD,Automatic,Petrol,OM654M,4.0,201.15 bhp
799 cc,3.0,FWD,Manual,Petrol,Petrol Engine,4.0,54 bhp
1199 cc,3.0,FWD,Automatic,Petrol,1.2 l Revotron,4.0,87 bhp
1199 cc,3.0,FWD,Manual,CNG,1.2L Revotron,4.0,74.47 bhp
1086 cc,4.0,FWD,Manual,CNG,1.1 L Bi-Fuel,3.0,59.18 bhp
2179 cc,4.0,4WD,Automatic,Diesel,TD4 Diesel Engine,4.0,147.5 bhp
2993 cc,6.0,AWD,Automatic,Diesel,Diesel Engine,4.0,301.73 bhp
1997 cc,4.0,AWD,Automatic,Petrol,Petrol Engine,4.0,246.74 bhp
1997 cc,4.0,RWD,Automatic,Petrol,mStallion (TGDi),4.0,200 bhp
2199 cc,4.0,4WD,Automatic,Diesel,CRDi Diesel Engine,4.0,194.3 bhp
1462 cc,4.0,FWD,Manual,CNG,K15C,4.0,86.63 bhp
2499 cc,4.0,4x2,Manual,Diesel,Variable Geometric Turbo Intercooled,4.0,77.77 bhp
1199 cc,3.0,FWD,Manual,Petrol,1.2L Turbocharged Revotron,4.0,118.27 bhp
1498 cc,4.0,FWD,Manual,Diesel,Diesel Engine,4.0,108.6 bhp
1995 cc,4.0,,Automatic,Petrol,sDrive 18i,4.0,150 bhp
1496 cc,4.0,FWD,Manual,Petrol,"2NR-FE ,Gasoline, 4 Cylin",4.0,88.7 bhp
1498 cc,4.0,FWD,Automatic,Petrol,VTi-TECH,4.0,108.49 bhp
998 cc,3.0,FWD,Manual,Petrol,K Series Petrol Engine,4.0,66.1 bhp
1197 cc,4.0,FWD,Automatic,Petrol,1.2L K-Series Dual Jet,4.0,88.5 bhp
1968 cc,4.0,AWD,Automatic,Diesel,TDI Diesel Engine,4.0,184 bhp
1198 cc,3.0,Two Wheel Drive,Manual,Petrol,In-Line Engine,4.0,73.9 bhp
1198 cc,3.0,2 WD,Manual,Petrol,In-Line Engine,0.0,
1197 cc,4.0,,Manual,Petrol,K Series Dual jet,4.0,88.50 bhp
999 cc,3.0,,Manual,Petrol,HRA0 1.0 TURBO PETROL,4.0,98.63 bhp
1199 cc,4.0,FWD,Manual,Petrol,SMARTECH Petrol Engine,4.0,82.4 bhp
1298 cc,4.0,4WD,Manual,Petrol,G13BB MPFI Gasoline Engin,4.0,80 bhp
2179 cc,4.0,RWD,Manual,Diesel,mHawk Diesel Engine,4.0,120 bhp
1451 cc,4.0,FWD,Automatic,Petrol,1.5 L Turbocharged Intercooled,4.0,141.04 bhp
2184 cc,4.0,RWD,Manual,Diesel,2.2L mHawk,4.0,150 bhp
2694 cc,4.0,RWD,Automatic,Petrol,2-TR-FE Dual VVT-i Engine,4.0,163.7 bhp
999 cc,3.0,FWD,Automatic,Petrol,1.0 HRA0 TURBO,4.0,99 bhp
998 cc,3.0,FWD,Manual,CNG,K Series Petrol Engine,4.0,58.3 bhp
1197 cc,4.0,FWD,Manual,Petrol,1.2L K-Series Dual Jet,4.0,88.5 bhp
1197 cc,4.0,FWD,Manual,Petrol,"1.2L Dual Jet, Dual VVT",4.0,88.50 bhp
1794 cc,4.0,,Manual,Petrol,In-Line Engine,4.0,
2179 cc,4.0,RWD,Manual,Diesel,mHawk Diesel Engine,4.0,140 bhp
1995 cc,4.0,2WD,Automatic,Diesel,e-VGT Diesel Engine,4.0,183 bhp
,,FWD,Automatic,Electric,,,
1998 cc,4.0,FWD,Automatic,Petrol,Petrol Engine,4.0,189 bhp
,,FWD,Automatic,Electric,,,201 bhp
,,FWD,Automatic,Electric,,,147.51 bhp
1248 cc,4.0,FWD,Manual,Diesel,SMARTECH Diesel Engine,4.0,74 bhp
998 cc,3.0,FWD,Manual,CNG,K Series Petrol Engine,4.0,67.1 bhp
2354 cc,4.0,FWD,Manual,Petrol,DOHC i-VTEC,4.0,177.6 bhp
1199 cc,3.0,,Manual,Petrol,1.2 l Revotron Engine,4.0,86.63 bhp
1368 cc,4.0,FWD,Manual,Petrol,Kappa Dual VTVT Petrol En,4.0,98.6 bhp
2199 cc,4.0,FWD,Automatic,Diesel,CRDi Diesel Engine,4.0,194.3 bhp
1199 cc,3.0,FWD,Automatic,Petrol,1.2 L REVOTRON,4.0,118 bhp
1984 cc,4.0,FWD,Automatic,Diesel,Diesel Engine,4.0,174.5 bhp
1498 cc,4.0,FWD,Automatic,Petrol,1.5L TSI Petrol,4.0,147.51 bhp
1462 cc,4.0,FWD,Automatic,Petrol,K15B,4.0,101.64 bhp
1498 cc,4.0,FWD,Manual,Petrol,1.5 H4K Petrol,4.0,104.55 bhp
2967 cc,4.0,AWD,Automatic,Petrol,2.0 litre 4-cylinder in-l,4.0,248 bhp
1197 cc,4.0,FWD,Manual,Petrol,Petrol Engine,4.0,88.50 bhp
995 cc,4.0,FWD,Manual,Petrol,In-Line Engine,2.0,62 bhp
1498 cc,4.0,2WD,Manual,Petrol,VTi-TECH,4.0,108.49 bhp
1817 cc,4.0,,Manual,Petrol,In-Line Engine,0.0,
1995 cc,,RWD,Automatic,Diesel,,,190 bhp
1462 cc,4.0,FWD,Manual,Petrol,K15B,4.0,101.64 bhp
1995 cc,4.0,AWD,Automatic,Diesel,,4.0,187.74 bhp
,4.0,FWD,Automatic,Petrol,1.2 l Kappa,4.0,
2487 cc,4.0,RWD,Automatic,Petrol,2AR-FXE,4.0,175.67 bhp
1493 cc,4.0,,Manual,Diesel,1.5 L U2 CRDi Diesel,4.0,113.98 bhp
1991 cc,4.0,RWD,Automatic,Petrol,In-Line 4 Cylinder Petrol Engine,4.0,194.44 bhp
1086 cc,4.0,,Manual,CNG,,4.0,
1462 cc,4.0,AWD,Manual,Petrol,1.5L K Series,4.0,101.64 bhp
,,,Automatic,Electric,,,141.04 bhp
1332 cc,4.0,FWD,Automatic,Petrol,L4 200,4.0,160.92 bhp
2143 cc,4.0,FWD,Automatic,Diesel,In Line Diesel Engine,4.0,134.1 bhp
2694 cc,4.0,RWD,Automatic,Petrol,Dual VVTi Petrol Engine,4.0,163.7 bhp
1332 cc,4.0,2WD,Automatic,Petrol,1.3L M282 Turbocharged I4,4.0,160.92 bhp
1984 cc,,,Automatic,Petrol,,,241.3 bhp
2999 cc,6.0,AWD,Manual,Petrol,3.0-litre L6 in-line engine,4.0,429.12 bhp
1496 cc,3.0,FWD,Automatic,Petrol,Ti-VCT Petrol Engine,4.0,120.69 bhp
2143 cc,4.0,2WD,Automatic,Diesel,2.2-litre Diesel Engine,4.0,136 bhp
1995 cc,4.0,4WD,Automatic,Diesel,TwinPower Turbo 4-cylinder engine,4.0,187.74 bhp
1998 cc,4.0,AWD,Automatic,Petrol,TwinPower Turbo 4-cylinder engine,4.0,248.08 bhp
1999 cc,4.0,4WD,Automatic,Petrol,Si4 Petrol Engine,4.0,177 bhp
1995 cc,4.0,RWD,Automatic,Diesel,TwinPower Turbo 4 Cylinde,4.0,190 bhp
998 cc,3.0,FWD,Manual,Petrol,K 10B Petrol Engine,4.0,67.04 bhp
1984 cc,4.0,AWD,Automatic,Petrol,Twin-Turbocharged Engine,4.0,261.49 bhp
1086 cc,4.0,,Manual,Petrol,1.1 litre Petrol Engine,3.0,68 bhp
1998 cc,4.0,AWD,Automatic,Petrol,,4.0,248.08 bhp
1956 cc,4.0,FWD,Automatic,Diesel,2.0 L Multijet Diesel,4.0,172.35 bhp
1493 cc,4.0,FWD,Automatic,Diesel,1.5L CRDi VGT,4.0,114.41 bhp
1197 cc,4.0,FWD,Manual,Petrol,,4.0,81.86 bhp
2995 cc,4.0,AWD,Automatic,Petrol,TFSI Petrol Engine,4.0,335.25 bhp
1497 cc,4.0,2WD,Automatic,Petrol,1.5 L MPi Petrol,4.0,113.18 bhp
1496 cc,4.0,,Manual,Petrol,Petrol Engine,4.0,88.73 bhp
1991 cc,4.0,AWD,Automatic,Petrol,2.0-litre in line engine,4.0,415.71 bhp
1991 cc,4.0,2WD,Automatic,Petrol,2.0-litre Petrol Engine,4.0,183 bhp
1199 cc,,,Manual,Petrol,,,88.76 bhp
1248 cc,4.0,RWD,Manual,Diesel,SMARTECH Diesel Engine,4.0,73.74 bhp
999 cc,3.0,2WD,Automatic,Petrol,1.0L Petrol Engine,4.0,67 bhp
1196 cc,4.0,RWD,Manual,CNG,In-Line Engine,4.0,61.7 bhp
2755 cc,4.0,4WD,Automatic,Diesel,2.8 L Diesel Engine,4.0,201.15 bhp
2996 cc,6.0,AWD,Automatic,Petrol,V-Type Engine,4.0,333 bhp
1999 cc,4.0,FWD,Manual,Petrol,Nu 2.0 MPi Petrol Engine,4.0,150.19 bhp
1984 cc,4.0,AWD,Automatic,Petrol,2.0L TSI Turbocharged,4.0,201 bhp
2993 cc,4.0,,Automatic,Diesel,,2.0,241 bhp
2179 cc,4.0,4WD,Automatic,Diesel,SD4 Diesel Engine,4.0,187.7 bhp
1498 cc,4.0,2WD,Automatic,Petrol,VTi-TECH,4.0,108.49 bhp
1999 cc,4.0,4WD,Automatic,Diesel,SD4 Diesel Engine,4.0,177 bhp
2993 cc,6.0,AWD,Automatic,Diesel,3.0L TD6 Diesel Engine,4.0,255 bhp
1956 cc,4.0,FWD,Manual,Diesel,2.0 L Multijet Diesel,4.0,167.67 bhp
1999 cc,4.0,,Automatic,Petrol,2.0 l petrol MPi engine,4.0,156.9 bhp
1984 cc,4.0,AWD,Automatic,Petrol,,4.0,187.74 bhp
1462 cc,4.0,,Automatic,Petrol,k-series1.5l,4.0,103.26 bhp
1493 cc,4.0,,Automatic,Diesel,1.5 L U2 CRDi Diesel,4.0,113.45 bhp
1497 cc,4.0,FWD,Manual,Petrol,i-VTEC Engine,4.0,117.3 bhp
1493 cc,4.0,2WD,Manual,Diesel,1.5L CRDi VGT,4.0,114.41 bhp
2987 cc,6.0,AWD,Automatic,Diesel,V-Type Diesel Engine,4.0,254.8 bhp
1493 cc,4.0,FWD,Automatic,Diesel,1.5L CRDi Diesel,4.0,113.42 bhp
1999 cc,4.0,FWD,Automatic,Petrol,Nu 2.0 MPi Petrol Engine,4.0,150.19 bhp
1999 cc,4.0,AWD,Automatic,Diesel,2.0L Ingenium Turbocharged I4(Mild Hybri,4.0,201 bhp
2993 cc,6.0,4WD,Automatic,Diesel,V-Type Engine,4.0,255 bhp
2999 cc,8.0,RWD,Automatic,Diesel,V-Type Diesel Engine,4.0,571 bhp
1498 cc,4.0,,Automatic,Diesel,1.5 l diesel CRDi engine,4.0,113.42 bhp
1482 cc,4.0,FWD,Automatic,Petrol,1.5L TGDI Smartstream,4.0,157.81 bhp
1199 cc,4.0,FWD,Manual,Petrol,SMARTECH Petrol Engine,4.0,76.8 bhp
1199 cc,3.0,FWD,Automatic,Petrol,1.2 l Revotron Engine,4.0,86.63 bhp
1995 cc,4.0,RWD,Automatic,Diesel,sDrive20d Diesel Engine,4.0,184 bhp
1798 cc,4.0,FWD,Automatic,Petrol,1.8TSI Petrol Engine,4.0,177 bhp
1482 cc,4.0,FWD,Automatic,Petrol,Smartstream T-GDi,4.0,157.81 bhp
1797 cc,4.0,FWD,Manual,Petrol,Dual VTVT Petrol Engine,4.0,147.5 bhp
1595 cc,4.0,FWD,Automatic,Petrol,In-Line Petrol Engine,4.0,120.69 bhp
1493 cc,4.0,FWD,Automatic,Diesel,1.5L CRDi VGT,4.0,113.42 bhp
2179 cc,4.0,RWD,Manual,Diesel,mHawk 120 Diesel Engine,4.0,120 bhp
1956 cc,4.0,FWD,Automatic,Diesel,2.0 L Multijet Diesel,4.0,167.67 bhp
2143 cc,4.0,AWD,Automatic,Diesel,Diesel Engine,4.0,170 bhp
1373 cc,4.0,FWD,Manual,CNG,K Series Engine,4.0,80.9 bhp
1999 cc,4.0,4WD,Automatic,Diesel,TD4 Diesel Engine,4.0,177 bhp
1199 cc,3.0,,Automatic,Petrol,1.2l Turbocharged Revotron,4.0,118.35 bhp
1969 cc,4.0,AWD,Automatic,Diesel,Turbo Diesel Engine,4.0,235 bhp
1197 cc,4.0,FWD,Manual,CNG,1.2 L Bi-Fuel,4.0,68 bhp
1956 cc,4.0,FWD,Automatic,Diesel,2.0L Multijet,4.0,168 bhp
1997 cc,4.0,AWD,Automatic,Petrol,2.0L Ingenium Turbocharged I4 MHEV(Mild,4.0,247 bhp
1197 cc,4.0,FWD,Automatic,Petrol,K Series VVT Engine,4.0,83.14 bhp
1798 cc,4.0,FWD,Manual,Petrol,Petrol Engine,4.0,177.46 bhp
998 cc,3.0,,Automatic,Petrol,Kappa 1.0 l turbo GDi,4.0,118.41 bhp
2143 cc,4.0,AWD,Automatic,Diesel,Diesel Engine,4.0,167.6 bhp
2993 cc,6.0,AWD,Automatic,Diesel,TwinPower Turbo Inline 6,4.0,261.49 bhp
2609 cc,4.0,2WD,Manual,Diesel,In-Line Engine,4.0,
2179 cc,4.0,4WD,Automatic,Diesel,SD4 Diesel Engine,4.0,187.74 bhp
1995 cc,4.0,2WD,Manual,Diesel,e- VGT R 2.0 Diesel,4.0,182.46 bhp
1462 cc,4.0,FWD,Manual,CNG,K15B,4.0,91.19 bhp
1353 cc,4.0,2WD,Manual,Petrol,Smartstream G1.5,4.0,113.42 bhp
,,,Automatic,Electric,Electric,,140.8 bhp
2143 cc,4.0,Rear Wheel Drive with ESP,Automatic,Diesel,4-in-line,4.0,203 bhp
1991 cc,4.0,AWD,Automatic,Petrol,Petrol Engine,4.0,355.4 bhp
2157 cc,4.0,4WD,Automatic,Diesel,D22DTR,4.0,178.49 bhp
2198 cc,4.0,FWD,Manual,Diesel,2.2 L Turbo Diesel,4.0,182.38 bhp
,,FWD,Automatic,Electric,,,134 bhp
2143 cc,4.0,AWD,Automatic,Diesel,Diesel Engine,4.0,203.2 bhp
2477 cc,4.0,RWD,Automatic,Diesel,DI-Diesel Engine,4.0,175.56 bhp
1991 cc,4.0,RWD,Automatic,Petrol,In-Line Petrol Engine,4.0,181.03 bhp
1199 cc,3.0,2WD,Automatic,Petrol,1.2 l Revotron Engine,4.0,86.63 bhp
1995 cc,4.0,,Automatic,Diesel,In-Line Engine,4.0,181 bhp
1999 cc,4.0,RWD,Automatic,Petrol,Petrol Engine,4.0,197.13 bhp
1197 cc,4.0,FWD,Manual,Petrol,Petrol Engine,4.0,78.8 bhp
,,RWD,Automatic,Electric,,,228 bhp
1482 cc,4.0,FWD,Automatic,Petrol,1.5 T-GDi Petrol,4.0,158 bhp
1597 cc,4.0,4WD,Automatic,Diesel,i-DTEC Diesel Engine,4.0,118.3 bhp
1482 cc,4.0,FWD,Automatic,Petrol,1.5L T-GDi,4.0,157.57 bhp
2199 cc,4.0,2WD,Automatic,Diesel,2.2L VGT Diesel Engine,4.0,197.2 bhp
1995 cc,4.0,,Automatic,Diesel,,4.0,182.37 bhp
1493 cc,4.0,2WD,Automatic,Diesel,1.5l CRDi VGT,4.0,114.41 bhp
1991 cc,4.0,AWD,Automatic,Petrol,AMG 35 4MATIC,4.0,301.73 bhp
1196 cc,4.0,FWD,Manual,Petrol,Duratec Petrol Engine,4.0,70.02 bhp
1198 cc,4.0,FWD,Manual,Petrol,SOHC i-VTEC,4.0,86.8 bhp
998 cc,3.0,FWD,Manual,Petrol,Kappa Engine,4.0,68.05 bhp
2179 cc,4.0,FWD,Manual,Diesel,mHawk Diesel Engine,4.0,120 bhp
1586 cc,4.0,FWD,Manual,Petrol,VVT Petrol Engine,4.0,103.2 bhp
998 cc,3.0,FWD,Automatic,Petrol,Smartstream G1.0 TGDi,4.0,118 bhp
1197 cc,4.0,,Automatic,Petrol,1.2 l Kappa petrol,4.0,86.76 bhp
1197 cc,4.0,FWD,Automatic,Petrol,Petrol Engine,4.0,81.80 bhp
4999 cc,8.0,4WD,Automatic,Petrol,V-Type Engine,4.0,517.63 bhp
3982 cc,8.0,AWD,Automatic,Petrol,4.0-litre petrol,4.0,549.81 bhp
2987 cc,6.0,AWD,Automatic,Diesel,V Type Engine,4.0,254.79 bhp
2998 cc,6.0,AWD,Automatic,Diesel,3.0 L 6-cylinder,4.0,345.98 bhp
3982 cc,8.0,AWD,Automatic,Petrol,V8,4.0,496.17 bhp
1956 cc,4.0,4WD,Automatic,Diesel,2.0L Multijet,4.0,168 bhp
,4.0,2WD,Automatic,Petrol,SmartStream G1.5 T-GDi,4.0,
1298 cc,4.0,2 WD,Manual,Petrol,In-Line Engine,4.0,85.8 bhp
1582 cc,4.0,FWD,Automatic,Diesel,U2 VGT Diesel Engine,4.0,126.2 bhp
1968 cc,4.0,FWD,Automatic,Diesel,Diesel Engine,4.0,138.08 bhp
1497 cc,4.0,,Automatic,Diesel,1.5L Turbo Diesel with CRDi,4.0,115.05 bhp
2179 cc,4.0,,Automatic,Diesel,2.2 LTR. VARICOR 400,4.0,153.86 bhp
1197 cc,3.0,FWD,Automatic,Petrol,mStallion (TCMPFi) engine,4.0,109.96 bhp
1462 cc,4.0,2WD,Manual,CNG,K15C,4.0,86.63 bhp
1956 cc,4.0,FWD,Automatic,Diesel,2.0 L Multijet II Diesel,4.0,168 bhp
1996 cc,4.0,4WD,Automatic,Diesel,EcoBlue engine,4.0,167.62 bhp
1462 cc,4.0,4WD,Automatic,Petrol,K15B,4.0,103 bhp
1461 cc,4.0,FWD,Manual,Diesel,K9K Diesel Engine,4.0,108.5 bhp
1493 cc,3.0,RWD,Manual,Diesel,mHawk Diesel Engine,4.0,100 bhp
2993 cc,6.0,RWD,Automatic,Diesel,Diesel S Engine,4.0,270.9 bhp
1399 cc,4.0,2WD,Manual,Diesel,Duratorq,2.0,67 bhp
2993 cc,6.0,RWD,Automatic,Diesel,B57 turbo I6,4.0,375.48 bhp
1373 cc,4.0,FWD,Manual,CNG,K14B Petrol Engine,4.0,80.46 bhp
1995 cc,4.0,4WD,Automatic,Petrol,2.0L Gme T4 Di,4.0,268.20 bhp
998 cc,3.0,FWD,Manual,Petrol,Smartstream G1.0 T-GDi,4.0,118 bhp
1598 cc,4.0,FWD,Manual,Petrol,K4M Petrol Engine,4.0,102.5 bhp
1493 cc,4.0,FWD,Manual,Diesel,1.5L CRDi VGT,4.0,114 bhp
1199 cc,4.0,,Manual,Petrol,i-VTEC,4.0,88.50 bhp
1496 cc,3.0,FWD,Manual,Petrol,Ti-VCT Petrol Engine,4.0,120.69 bhp
1196 cc,4.0,FWD,Manual,Petrol,Ti VCT Petrol Engine,4.0,86.8 bhp
1197 cc,4.0,,Manual,Petrol,,4.0,
1198 cc,4.0,Two Wheel Drive,Manual,Petrol,SOHC i-VTEC,4.0,
1998 cc,4.0,FWD,Automatic,Petrol,,4.0,189.08 bhp
2393 cc,4.0,RWD,Manual,Diesel,2.4L Diesel Engine,4.0,147.51 bhp
1197 cc,3.0,FWD,Manual,Petrol,Z12E,4.0,80.46 bhp
1197 cc,4.0,,Manual,Petrol,1.2 l Kappa dual petrol,4.0,81.86 bhp
1995 cc,4.0,4WD,Automatic,Diesel,e- VGT R 2.0 Diesel,4.0,182.46 bhp
1968 cc,4.0,FWD,Automatic,Diesel,Diesel Engine,4.0,174.5 bhp
1999 cc,4.0,FWD,Automatic,Petrol,Nu 2.0 MPi Petrol Engine,4.0,149.92 bhp
2993 cc,6.0,AWD,Automatic,Diesel,TwinPower Turbo 6-cylinder engine,4.0,261.50 bhp
1198 cc,3.0,FWD,Manual,Petrol,Petrol Engine,4.0,67.06 bhp
1197 cc,4.0,FWD,Manual,Petrol,Kappa Dual VTVT Petrol En,4.0,82.9 bhp
1197 cc,4.0,2 WD,Manual,Petrol,In-Line Engine,4.0,85.8 bhp
1490 cc,3.0,FWD,Automatic,Petrol,M15D-FXE,4.0,91.18 bhp
1197 cc,4.0,,Automatic,Petrol,1.2 L Petrol Engine,4.0,88.50 bhp
998 cc,3.0,FWD,Manual,CNG,K Series Petrol Engine,4.0,58.2 bhp
2199 cc,4.0,AWD,Automatic,Diesel,CRDi Diesel Engine,4.0,194.3 bhp
2987 cc,6.0,All Wheel Drive,Automatic,Diesel,V6 Diesel Engine,4.0,261 bhp
1451 cc,4.0,FWD,Manual,Petrol,1.5L Turbocharged Intercooled,4.0,141.04 bhp
1985 cc,5.0,All Wheel Drive,Automatic,Diesel,Five Cylinder Turbo Charg,4.0,163 bhp
2400 cc,5.0,AWD,Automatic,Diesel,Diesel Engine,4.0,190 bhp
2993 cc,6.0,,Automatic,Diesel,3.0 LITRE V6 DIESEL LWB,4.0,271.2 bhp
1462 cc,4.0,,Automatic,Petrol,K15C Smart Hybrid,4.0,101.65 bhp
2967 cc,6.0,AWD,Automatic,Diesel,V-Type Engine,4.0,246.7 bhp
2894 cc,6.0,AWD,Automatic,Petrol,V6,4.0,443.87 bhp
1984 cc,4.0,FWD,Automatic,Petrol,2.0L TSI,4.0,261 bhp
4461 cc,8.0,4WD,Automatic,Petrol,V-Type Engine,4.0,
2755 cc,4.0,4X2,Automatic,Diesel,2.8 L Diesel engine,4.0,201.15 bhp
2995 cc,6.0,AWD,Automatic,Petrol,V6 petrol engine,4.0,
1199 cc,3.0,FWD,Automatic,Petrol,1.2 L Revotron,4.0,85 bhp
998 cc,3.0,,Manual,CNG,K10C,4.0,55.92 bhp
1493 cc,4.0,,Automatic,Diesel,1.5 l diesel CRDi engine,4.0,113.42 bhp
1991 cc,4.0,RWD,Automatic,Petrol,In-Line Engine,4.0,181.03 bhp
2996 cc,6.0,AWD,Automatic,Petrol,V Type Engine,4.0,328.55 bhp
1197 cc,4.0,FWD,Automatic,Petrol,1.2L Kappa Dual VTVT Petr,4.0,81.86 bhp
1497 cc,4.0,FWD,Automatic,Petrol,SOHC i-VTEC,4.0,116.4 bhp
1498 cc,4.0,FWD,Manual,Diesel,1.5 litre Diesel Engine,4.0,98.63 bhp
1197 cc,4.0,FWD,Automatic,Petrol,TSI Petrol Engine,4.0,103.6 bhp
1330 cc,4.0,FWD,Manual,Petrol,1.3L Turbo Petrol Engine,4.0,153.866 bhp
1498 cc,4.0,FWD,Manual,Diesel,TDI Diesel Engine,4.0,88.8 bhp
1493 cc,4.0,FWD,Manual,Diesel,1.5L CRDi VGT,4.0,114.41 bhp
999 cc,4.0,FWD,Manual,Petrol,Kappa 1.0 L Turbo GDi Petrol,4.0,118.35 bhp
1197 cc,4.0,,Automatic,Petrol,K12N,4.0,88.50 bhp
936 cc,3.0,FWD,Manual,Diesel,SMARTECH Diesel Engine,4.0,56.3 bhp
1196 cc,4.0,,Manual,Petrol,G12B,4.0,72.41 bhp
2523 cc,4.0,RWD,Manual,Diesel,m2DiCR 4 Cyl 2.5L,4.0,65.03 bhp
796 cc,3.0,FWD,Manual,CNG,F8D Engine,4.0,47.3 bhp
998 cc,3.0,FWD,Manual,Petrol,K10B Petrol Engine,4.0,67 bhp
1498 cc,4.0,FWD,Manual,Petrol,1.5 L TSI Petrol,4.0,147.52 bhp
,,FWD,Automatic,Electric,,,56.21 bhp
1995 cc,4.0,AWD,Automatic,Diesel,TwinPower Turbo 4-cylinder engine,4.0,187.7 bhp
1461 cc,4.0,AWD,Manual,Diesel,dCi THP Diesel Engine,4.0,108.45 bhp
2179 cc,4.0,RWD,Manual,Diesel,DICOR Engine,4.0,138.03 bhp
1582 cc,4.0,FWD,Automatic,Diesel,VGT Diesel Engine,4.0,126.24 bhp
1582 cc,4.0,FWD,Manual,Diesel,U2 VGT CRDi Diesel Engine,4.0,126.2 bhp
1364 cc,4.0,FWD,Manual,Diesel,D-4D Diesel Engine,2.0,67.06 bhp
1498 cc,4.0,FWD,Manual,Petrol,HR15 Petrol Engine,4.0,97.6 bhp
1497 cc,4.0,FWD,Automatic,Diesel,1.5L Turbocharged Revotorq,4.0,113.31 bhp
1364 cc,4.0,FWD,Manual,Diesel,D-4D Diesel Engine,2.0,67.05 bhp
1248 cc,4.0,FWD,Manual,Diesel,Quadrajet Engine,4.0,88.7 bhp
1493 cc,4.0,FWD,Manual,Diesel,1.5L U2 CRDi,4.0,114 bhp
1150 cc,4.0,FWD,Manual,Petrol,In-Line Engine,2.0,
1248 cc,4.0,FWD,Manual,Diesel,Diesel,4.0,73.9 bhp
1199 cc,3.0,FWD,Manual,Petrol,1.2 L REVOTRON,4.0,118 bhp
999 cc,3.0,FWD,Automatic,Petrol,1.0L Energy,4.0,71 bhp
1198 cc,3.0,FWD,Manual,Petrol,Naturally Aspirated 12V,4.0,67.05 bhp
1086 cc,3.0,FWD,Manual,CNG,Bifuel Engine,4.0,62.1 bhp
1086 cc,4.0,FWD,Automatic,Petrol,1.1 L Petrol,3.0,68.05 bhp
1999 cc,4.0,FWD,Manual,Petrol,Nu 2.0 MPi Petrol Engine,4.0,149.92 bhp
1197 cc,3.0,FWD,Automatic,Petrol,TCMPFi,4.0,108.62 bhp
1498 cc,4.0,FWD,Manual,Petrol,H4K Petrol Engine,4.0,104.5 bhp
,,,Automatic,Electric,,,73.75 bhp
2179 cc,4.0,2 WD,Manual,Diesel,In-Line Engine,4.0,120 bhp
2523 cc,4.0,FWD,Manual,Diesel,m2DiCR Engine,4.0,75 bhp
2982 cc,4.0,4WD,Automatic,Diesel,D-4D Diesel Engine,4.0,168.5 bhp
1199 cc,3.0,,Manual,CNG,1.2 L i-CNG,4.0,72 bhp
2499 cc,4.0,2WD,Manual,Diesel,In-Line Engine,0.0,
2179 cc,4.0,RWD,Manual,Diesel,VTT VARICOR Diesel Engine,4.0,153.86 bhp
2179 cc,4.0,FWD,Manual,Diesel,VTT VariCOR Diesel Engine,4.0,138.1 bhp
1995 cc,4.0,RWD,Automatic,Diesel,Diesel Engine,4.0,218 bhp
1498 cc,4.0,,Automatic,Petrol,water cooled inline 4 cylinder,4.0,96.55 bhp
999 cc,4.0,FWD,Automatic,Petrol,TSI Petrol Engine,4.0,108.62 bhp
1997 cc,4.0,2WD,Automatic,Diesel,R 2.0 Diesel,4.0,183.72 bhp
2393 cc,4.0,,Manual,Diesel,,4.0,147.51 bhp
1194 cc,3.0,FWD,Manual,Petrol,1.2 litre Petrol Engine,4.0,94.93 bhp
1197 cc,4.0,,Manual,CNG,1.2 Kapa dual VTVT bi-fuel,4.0,65.39 bhp
1997 cc,4.0,,Manual,Petrol,,4.0,
1497 cc,4.0,FWD,Automatic,Petrol,In-Line Engine,2.0,
1086 cc,4.0,FWD,Manual,CNG,1.1 L Bi-Fuel,3.0,59.17 bhp
1968 cc,4.0,FWD,Automatic,Diesel,2.0TDI Diesel Engine,4.0,141 bhp
2694 cc,4.0,RWD,Manual,Petrol,Dual VVTi Petrol Engine,4.0,163.7 bhp
1194 cc,3.0,FWD,Automatic,Petrol,1.2 L Petrol Engine,4.0,95.48 bhp
1397 cc,4.0,,Automatic,Petrol,1.4 L Turbo GDi Petrol,4.0,138.12 bhp
999 cc,,FWD,Automatic,Petrol,,,98.63 bhp
1332 cc,4.0,,Automatic,Petrol,L4 200,4.0,160.92 bhp
1197 cc,4.0,FWD,Manual,CNG,1.2 l  Bi-Fuel,4.0,67.72 bhp
1968 cc,4.0,AWD,Automatic,Diesel,TDI Quattro Engine,4.0,174.3 bhp
1995 cc,4.0,RWD,Automatic,Diesel,sDrive20d Diesel Engine,4.0,188 bhp
1186 cc,3.0,FWD,Manual,Diesel,1.2L U2 CRDi Diesel,4.0,73.97 bhp
1186 cc,3.0,FWD,Manual,Diesel,U2 CRDI Diesel Engine,4.0,73.97 bhp
1198 cc,3.0,FWD,Manual,Petrol,Naturally Aspirated 12V D,4.0,67 bhp
1248 cc,4.0,,Manual,Diesel,DDiS Diesel Engine,4.0,74.02 bhp
1196 cc,4.0,,Manual,CNG,G12B,4.0,61.68 bhp
1493 cc,3.0,FWD,Automatic,Diesel,1.5 L CRDi VGT,4.0,113.43 bhp
1396 cc,4.0,FWD,Manual,Diesel,CR4 Diesel Engine,4.0,69 bhp
1498 cc,4.0,FWD,Manual,Diesel,TDI Diesel Engine,4.0,88.5 bhp
1995 cc,4.0,AWD,Automatic,Diesel,M9R Diesel Engine,4.0,147.6 bhp
2494 cc,4.0,FWD,Manual,Diesel,2KD-FTV Diesel Engine,4.0,100.6 bhp
1330 cc,4.0,FWD,Automatic,Petrol,1.3 L HR13DDT Turbo Petrol,4.0,153.87 bhp
1997 cc,4.0,FWD,Automatic,Petrol,i-VTEC Engine,4.0,141.1 bhp
2894 cc,6.0,AWD,Automatic,Petrol,3.0-litre turbocharged V6 engine,4.0,348.66 bhp
999 cc,3.0,,Automatic,Petrol,1.0L energy,4.0,71.01 bhp
1197 cc,4.0,,Manual,Petrol,1.2 L K Series Engine,4.0,88.50 bhp
2995 cc,6.0,AWD,Automatic,Petrol,3.0L Ti6 Petrol Engine,4.0,335.25 bhp
2179 cc,4.0,AWD,Manual,Diesel,2.2 LTR. VARICOR 320,4.0,147.94 bhp
2967 cc,6.0,AWD,Automatic,Diesel,V6 Diesel Engine,4.0,240 bhp
998 cc,4.0,,Manual,Petrol,1.2 Kappa petrol,4.0,81.80 bhp
1597 cc,4.0,FWD,Automatic,Diesel,i-DTEC Diesel Engine,4.0,118.3 bhp
1396 cc,4.0,FWD,Manual,Diesel,,4.0,88.7 bhp
1364 cc,4.0,FWD,Manual,Diesel,D-4D Diesel Engine,4.0,67.04 bhp
2993 cc,6.0,AWD,Automatic,Diesel,Diesel Engine,4.0,271.23 bhp
1998 cc,4.0,,Automatic,Diesel,2.0-litre muiltjet,4.0,167.67 bhp
1984 cc,5.0,FWD,Automatic,Diesel,Turbo Diesel Engine,4.0,181 bhp
2179 cc,4.0,AWD,Manual,Diesel,mHawk Diesel Engine,4.0,155 bhp
1498 cc,4.0,FWD,Automatic,Petrol,H4K Petrol Engine,4.0,104.5 bhp
1462 cc,4.0,FWD,Manual,Petrol,K15C HYBRID,4.0,101.64 bhp
1493 cc,4.0,FWD,Manual,Petrol,In-Line Engine,4.0,106 bhp
1956 cc,4.0,FWD,Manual,Diesel,2.0 L Multijet II Diesel,4.0,168 bhp
1582 cc,4.0,FWD,Manual,Diesel,VGT CRDi Diesel Engine,4.0,126.3 bhp
1598 cc,4.0,FWD,Manual,Petrol,K4M Petrol Engine,4.0,102.57 bhp
999 cc,3.0,FWD,Manual,Petrol,1.0 L Petrol Engine,4.0,67.05 bhp
1493 cc,4.0,FWD,Manual,Diesel,In-Line Engine,4.0,
1248 cc,4.0,FWD,Manual,Diesel,DDiS Diesel Engine,4.0,73.94 bhp
2494 cc,4.0,FWD,Manual,Diesel,In-Line Engine,4.0,100 bhp
2993 cc,4.0,RWD,Manual,Diesel,2.4L Diesel Engine,4.0,147.51 bhp
1462 cc,4.0,FWD,Manual,Petrol,K15C Smart Hybrid`,4.0,101.64 bhp
2198 cc,4.0,RWD,Manual,Diesel,mHawk (CRDi),4.0,172.45 bhp
2995 cc,6.0,AWD,Automatic,Petrol,3.0TFSIq Tiptronic Petrol,4.0,348.66 bhp
1197 cc,4.0,FWD,Automatic,Petrol,K12M VVT I4,4.0,88.50 bhp
2198 cc,4.0,4WD,Manual,Diesel,Diesel Engine,4.0,157.7 bhp
1995 cc,4.0,4WD,Automatic,Diesel,xDrive20d Diesel Engine,4.0,184 bhp
1598 cc,4.0,FWD,Manual,Diesel,Common Rail Diesel Engine,4.0,103.6 bhp
796 cc,3.0,FWD,Manual,CNG,F8D Petrol Engine,4.0,47.3 bhp
1461 cc,4.0,FWD,Manual,Diesel,dCi CRDi Diesel Engine,2.0,65 bhp
1956 cc,4.0,FWD,Manual,Diesel,2.0L Turbocharged,4.0,167.67 bhp
1248 cc,4.0,2 WD,Manual,Diesel,In-Line Engine,4.0,73.9 bhp
1991 cc,4.0,AWD,Automatic,Petrol,Petrol Engine,4.0,245 bhp
1997 cc,4.0,FWD,Manual,Petrol,i-VTEC Petrol Engine,4.0,153.86 bhp
1497 cc,4.0,FWD,Automatic,Diesel,1.5L Turbo Diesel,4.0,115 bhp
2184 cc,4.0,RWD,Manual,Diesel,mHAWK 4 Cylinder,4.0,130 bhp
1498 cc,4.0,FWD,Automatic,Diesel,TDI Diesel Engine,4.0,108.495 bhp
2489 cc,4.0,RWD,Manual,Diesel,mDI CRDe Diesel Engine,2.0,93.7 bhp
2179 cc,4.0,RWD,Manual,Diesel,mHawk Diesel  Engine,4.0,120 bhp
1248 cc,4.0,,Manual,Diesel,In-Line Engine,4.0,
1493 cc,4.0,FWD,Automatic,Diesel,In-Line Engine,4.0,
1086 cc,4.0,,Automatic,Petrol,,4.0,
998 cc,3.0,FWD,Manual,Petrol,Boosterjet Petrol Engine,4.0,100 bhp
1498 cc,4.0,FWD,Automatic,Petrol,HR15 Petrol Engine,4.0,99.6 bhp
1498 cc,4.0,FWD,Automatic,Diesel,TDI Diesel Engine,4.0,103.2 bhp
1061 cc,3.0,FWD,Manual,LPG,FC Petrol Engine,4.0,67 bhp
2497 cc,6.0,AWD,Automatic,Petrol,In-Line Engine,4.0,
2925 cc,6.0,AWD,Automatic,Diesel,,0.0,325.86 bhp
1968 cc,4.0,Permanent all-wheel drive quattro,Automatic,Diesel,InLine 4-cylinder Engine,4.0,167.6 bhp
2993 cc,6.0,4WD,Automatic,Diesel,xDrive30d Diesel Engine,4.0,245 bhp
2993 cc,4.0,4WD,Automatic,Diesel,,4.0,296 bhp
1995 cc,4.0,RWD,Automatic,Diesel,TwinPower Turbo Inline 4,4.0,187.74 bhp
1984 cc,4.0,FWD,Automatic,Diesel,Turbo Diesel Engine,4.0,181 bhp
2999 cc,6.0,AWD,Automatic,Petrol,3.0-litre 6-cylinder In-lineTurbo Engine,4.0,435 bhp
2497 cc,6.0,,Automatic,Petrol,In-Line Engine,4.0,
1995 cc,4.0,,Automatic,Diesel,In-Line Engine,4.0,
1197 cc,4.0,,Automatic,Petrol,1.2 L K Series Engine,4.0,88.50 bhp
1497 cc,4.0,FWD,Automatic,Diesel,1.5L Revotorq Turbocharged,4.0,108.50 bhp
1984 cc,4.0,AWD,Automatic,Petrol,TFSI Quattro Engine,4.0,248 bhp
2179 cc,4.0,,Manual,Diesel,,4.0,
1461 cc,4.0,2WD,Manual,Diesel,1.5 K9K Diesel,4.0,108.5 bhp
1498 cc,4.0,FWD,Automatic,Petrol,1.5L TGDi Hyperion,4.0,158 bhp
1582 cc,4.0,FWD,Automatic,Diesel,VGT CRDi Diesel Engine,4.0,126.3 bhp
1798 cc,4.0,FWD,Automatic,Petrol,Petrol Engine,4.0,157.75 bhp
624 cc,2.0,RWD,Manual,Petrol,"2 cylinder, MPFI",2.0,
2982 cc,4.0,2WD,Automatic,Diesel,4 Cylinders In-line,4.0,169 bhp
1968 cc,4.0,FWD,Automatic,Diesel,2.0 TDI Diesel Engine,4.0,187.74 bhp
1968 cc,4.0,AWD,Automatic,Diesel,TDI Quattro Diesel Engine,4.0,181 bhp
2982 cc,4.0,4WD,Automatic,Diesel,D-4D Diesel Engine,4.0,
2995 cc,6.0,AWD,Automatic,Petrol,3.0L V6 TFSI,4.0,335 bhp
4999 cc,8.0,4WD,Automatic,Petrol,V-Type Petrol Engine,4.0,557.86 bhp
,3.0,FWD,Manual,Petrol,1.2 l Revotron,4.0,
1199 cc,3.0,2WD,Manual,Petrol,1.2 l Revotron Engine,4.0,86.63 bhp
998 cc,3.0,FWD,Manual,Petrol,1.0L Turbo Boosterjet,4.0,98.69 bhp
2179 cc,4.0,RWD,Manual,Diesel,VTT VARICOR Diesel Engine,4.0,147.94 bhp
1582 cc,4.0,FWD,Manual,Diesel,U2 CRDI Engine,4.0,126.2 bhp
1248 cc,4.0,FWD,Automatic,Diesel,DDiS 190 Engine,4.0,74 bhp
1598 cc,4.0,FWD,Automatic,Petrol,Petrol Engine,4.0,103.2 bhp
1997 cc,4.0,RWD,Manual,Diesel,mHawk Diesel Engine,4.0,120 bhp
998 cc,3.0,FWD,Manual,Petrol,K10B Petrol Engine,4.0,67.06 bhp
1596 cc,4.0,FWD,Manual,Petrol,In-Line Engine,4.0,
1493 cc,4.0,2WD,Manual,Diesel,1.5 T-GRDi VGT,4.0,114.41 bhp
2179 cc,4.0,RWD,Automatic,Diesel,mHawk Diesel Engine,4.0,120 bhp
1198 cc,3.0,FWD,Manual,Petrol,In Line Petrol Engine,4.0,67 bhp
1998 cc,4.0,AWD,Automatic,Diesel,Diesel Engine,4.0,112 bhp
1197 cc,4.0,2WD,Manual,Petrol,SMARTSTREAM G1.2,4.0,81.86 bhp
998 cc,3.0,FWD,Automatic,Petrol,Smartstream G1.0T-GDi,4.0,118 bhp
1997 cc,4.0,2WD,Automatic,Petrol,mStallion,4.0,200 bhp
1499 cc,4.0,FWD,Manual,Petrol,Ti-VCT Petrol Engine,4.0,107.5 bhp
1997 cc,4.0,AWD,Automatic,Diesel,2.0L Ingenium Turbocharged I4,4.0,201.15 bhp
2755 cc,4.0,4WD,Manual,Diesel,1-GD FTV Engine,4.0,174.5 bhp
2982 cc,4.0,4WD,Manual,Diesel,D-4D Diesel Engine,4.0,168.5 bhp
1493 cc,3.0,RWD,Automatic,Diesel,mHawk 100 Diesel Engine,2.0,100 bhp
1061 cc,3.0,FWD,Manual,Petrol,FC Petrol Engine,4.0,67 bhp
,,AWD,Automatic,Electric,,,320.55 bhp
1998 cc,4.0,FWD,Manual,Diesel,VCDi Diesel Engine,4.0,163.7 bhp
1950 cc,4.0,FWD,Automatic,Diesel,L4 200,4.0,160.92 bhp
1995 cc,4.0,RWD,Automatic,Diesel,TwinPower Turbo 4 Cylinder Engine,4.0,187.74 bhp
998 cc,3.0,FWD,Manual,Petrol,Smartstream G1.0 T-GDi,4.0,118.36 bhp
999 cc,3.0,FWD,Manual,Petrol,1.0 B4D,4.0,71 bhp
1493 cc,4.0,2WD,Manual,Diesel,mHAWK D70 Diesel Engine,4.0,70 bhp
796 cc,3.0,FWD,Manual,CNG,F8D,4.0,40.36 bhp
1199 cc,3.0,FWD,Automatic,Petrol,1.2L Revotron,4.0,84.48 bhp
2198 cc,4.0,FWD,Manual,Diesel,mHawk,4.0,152 bhp
1061 cc,4.0,,Manual,Petrol,In-Line Engine,4.0,
2477 cc,4.0,4WD,Manual,Diesel,DI-Diesel Engine,4.0,175.56 bhp
1197 cc,4.0,FWD,Manual,CNG,1.2 L CNG Engine,4.0,76.43 bhp
1991 cc,4.0,AWD,Manual,Diesel,In-Line Engine,4.0,147.9 bhp
998 cc,3.0,FWD,Manual,Petrol,1.0L K-Series Turbo,4.0,98.69 bhp
1497 cc,4.0,FWD,Automatic,Diesel,1.5 L CRDi VGT,4.0,113.43 bhp
1493 cc,3.0,RWD,Manual,Diesel,mHAWK75,4.0,74.96 bhp
1993 cc,4.0,AWD,Automatic,Diesel,,4.0,194 bhp
2198 cc,4.0,2WD,Automatic,Diesel,mHawk,4.0,172.45 bhp
1396 cc,4.0,FWD,Manual,Diesel,Diesel Engine,4.0,88.7 bhp
1495 cc,4.0,,Manual,Petrol,In-Line Engine,3.0,
2092 cc,4.0,2WD,Manual,Petrol,In-Line Engine,4.0,
2179 cc,4.0,RWD,Manual,Diesel,mHAWK Diesel Engine,4.0,120 bhp
1461 cc,4.0,FWD,Manual,Diesel,dCI Engine,4.0,108.5 bhp
796 cc,3.0,FWD,Manual,LPG,In-Line Engine,2.0,
1199 cc,3.0,FWD,Manual,Petrol,1.2 L Turbo Petrol,4.0,118.35 bhp
,,,Manual,Petrol,,,
1796 cc,4.0,Two Wheel Drive,Manual,Petrol,CGI Petrol Engine,4.0,185 bhp
1998 cc,4.0,FWD,Automatic,Petrol,2.0L Twin power turbo,4.0,189.08 bhp
796 cc,3.0,,Manual,CNG,F8D Petrol Engine,4.0,40.36 bhp
1197 cc,4.0,FWD,Automatic,Petrol,"1.2L Dual Jet, Dual VVT",4.0,88.50 bhp
1199 cc,4.0,,Manual,Petrol,,4.0,
1956 cc,4.0,4x2,Automatic,Diesel,2.0 L Multijet Diesel,4.0,172.35 bhp
998 cc,3.0,FWD,Automatic,Petrol,1.0L K-Series Turbo,4.0,98.69 bhp
1330 cc,4.0,FWD,Manual,Petrol,1.3 L HR13DDT Turbo Petrol,4.0,153.87 bhp
1498 cc,4.0,FWD,Manual,Petrol,,4.0,105 bhp
1497 cc,4.0,FWD,Automatic,Diesel,1.5L Revotorq Turbocharged,4.0,108.5 bhp
1997 cc,4.0,RWD,Manual,Diesel,mHawk Diesel  Engine,4.0,120 bhp
1248 cc,4.0,2WD,Manual,Diesel,DDIS Smart Hybrid Diesel,4.0,88.5 bhp
1482 cc,4.0,FWD,Automatic,Petrol,1.5 l Turbo GDi Petrol,4.0,157.57 bhp
,,FWD,Automatic,Electric,,,201.15 bhp
2179 cc,4.0,AWD,Manual,Diesel,2.2 LTR. VARICOR 400,4.0,153.86 bhp
1199 cc,3.0,FWD,Automatic,CNG,1.2L Revotron,4.0,74.47 bhp
1997 cc,4.0,4WD,Automatic,Petrol,,4.0,296.36 bhp
2143 cc,4.0,RWD,Automatic,Diesel,2.0L V 220 d,4.0,161 bhp
2995 cc,6.0,AWD,Automatic,Petrol,3.0L V6 TFSI,4.0,335.25 bhp
1956 cc,4.0,,Automatic,Diesel,2.0 Multijet II Diesel,4.0,167.67 bhp
,,,Automatic,Electric,,,225.29 bhp
,,FWD,Automatic,Electric,,,188 bhp
1969 cc,4.0,AWD,Automatic,Diesel,2.0 litre Diesel Engine,4.0,190 bhp
1984 cc,4.0,AWD,Automatic,Petrol,2.0 litre 4-cylinder in-l,4.0,248 bhp
1997 cc,4.0,AWD,Automatic,Petrol,2.0L Ingenium Turbocharged I4,4.0,246.74 bhp
1999 cc,4.0,AWD,Automatic,Petrol,Petrol Engine,4.0,237.4 bhp
