Engine,No. of Cylinders,Valves Per Cylinder,Valve Configuration,Fuel Supply System,Fuel Type,Engine Type,Emission Norm Compliance,Kerb Weight,Drive Type,Transmission,Power
1984 cc,4.0,4.0,,TSI,Petrol,2.0L Turbocharged Petrol,BS VI,1579 kg,FWD,Automatic,187.74 bhp
1353 cc,4.0,4.0,,MPI,Petrol,SMARTSTREAM G1.5,BS VI,1485 kg,FWD,Manual,113.43 bhp
1462 cc,4.0,4.0,,,Petrol,,BS VI,1185 - 1210 kg,2WD,Automatic,101.64 bhp
1462 cc,4.0,4.0,,,Petrol,K15C With Mild Hybrid System,BS VI 2.0,1140-1185 kg,FWD,Manual,101.64 bhp
1956 cc,4.0,4.0,,,Diesel,Kryotec 2.0L,BS VI 2.0,,FWD,Manual,167.62 bhp
1197 cc,4.0,4.0,SOHC,Direct Injection,Petrol,TSI Petrol Engine,BS IV,1179 kg,FWD,Automatic,103.2 bhp
999 cc,3.0,4.0,,multi-point fuel injection,Petrol,ENERGY Engine,BS VI 2.0,,FWD,Manual,71.01 bhp
1493 cc,3.0,4.0,SOHC,CRDi,Diesel,mHAWK D70 Diesel Engine,BS IV,1450 kg,RWD,Manual,70 bhp
1498 cc,4.0,4.0,,TSI,Petrol,1.5L TSI EVO with ACT,BS VI 2.0,1312 kg,FWD,Automatic,147.51 bhp
1197 cc,4.0,4.0,,,Petrol,K12N,BS VI 2.0,935 kg,RWD,Manual,79.65 bhp
998 cc,3.0,4.0,,GDi,Petrol,Smartstream G1.0 T - GDi,BS VI,1201 kg,FWD,Manual,118.36 bhp
1199 cc,4.0,4.0,SOHC,PGM - Fi,Petrol,i-VTEC Petrol Engine,BS IV,1066 kg,FWD,Automatic,88.7 bhp
2956 cc,4.0,4.0,DOHC,Direct Injection Common Rail,Diesel,VTT DICOR Engine,BS IV,1900 kg,FWD,Manual,138.03 bhp
1497 cc,4.0,4.0,,MPi,Petrol,SmartStream G1.5,BS VI 2.0,,2WD,Automatic,113.42 bhp
,,,,,,,,,,,
1956 cc,4.0,4.0,,,Diesel,2.0L Turbocharged Diesel,BS VI,1860 kg,,Manual,167.67 bhp
1462 cc,4.0,4.0,,,Petrol,K15C Smart Hybrid,BS VI 2.0,1150-1205 kg,FWD,Manual,101.64 bhp
1497 cc,4.0,4.0,SOHC,,Petrol,i-VTEC,BS VI,1063 kg,,Manual,117.60 bhp
1197 cc,4.0,4.0,DOHC,MPFI,Petrol,Kappa VTVT Petrol Engine,BS IV,1066 kg,FWD,Manual,81.83 bhp
1199 cc,3.0,4.0,DOHC,MPFi,Petrol,Revotron Engine,BS IV,1012 kg,FWD,Manual,84 bhp
1956 cc,4.0,4.0,,,Diesel,,BS VI,1860 kg,FWD,Manual,167.68 bhp
1248 cc,4.0,4.0,DOHC,CRDI,Diesel,DDIS 200 Engine,BS IV,1105 kg,FWD,Automatic,88.50 bhp
999 cc,3.0,4.0,DOHC,MPFi,Petrol,Petrol Engine,,730 kg,FWD,Manual,67 bhp
1497 cc,4.0,4.0,,MPi,Petrol,SmartStream G1.5,BS VI 2.0,,2WD,Manual,113.42 bhp
1353 cc,4.0,4.0,,GDi,Petrol,Smartstream G1.4,BS VI,1515 kg,FWD,Manual,138.08 bhp
1497 cc,3.0,4.0,DOHC,Direct Injection,Petrol,Ti-VCT Petrol Engine,BS IV,1242 kg,FWD,Manual,121.31 bhp
2996 cc,6.0,4.0,DOHC,Direct Injection,Petrol,V Type Petrol Engine,BS IV,2240 kg,AWD,Automatic,384.87 bhp
1197 cc,4.0,4.0,DOHC,MPFI,Petrol,K Series VVT Engine,BS VI,860-895 kg,FWD,Manual,81.80 bhp
1197 cc,4.0,4.0,DOHC,MPFI,Petrol,Kappa VTVT Petrol Engine,,1200 kg,FWD,Automatic,81.86 bhp
1199 cc,3.0,4.0,DOHC,MPFi,Petrol,Revotron Engine,BS IV,940 kg,FWD,Manual,84 bhp
1950 cc,4.0,4.0,DOHC,CRDI,Diesel,In-Line 4 Cylinder diesel Engine,BS VI,1735 kg,RWD,Automatic,191.76 bhp
1493 cc,4.0,4.0,,CRDi,Diesel,1.5 L CRDi VGT,BS VI,1475 kg,FWD,Manual,113.43 bhp
1497 cc,4.0,4.0,,MPI,Petrol,SMARTSTREAM G1.5,BS VI,1404 kg,FWD,Manual,113.43 bhp
999 cc,3.0,4.0,,TSI,Petrol,1.0 TSI Petrol Engine,BS VI,1195-1255 kg,FWD,Manual,113.98 bhp
1969 cc,4.0,4.0,DOHC,Direct Injection,Diesel,Twin Turbo Diesel Engine,BS IV,2350 kg,AWD,Automatic,235 bhp
1086 cc,4.0,3.0,SOHC,MPFI,Petrol,In-Line Engine,Bharat Stage III,854 kg,,Manual,62 bhp
2987 cc,6.0,4.0,,CDI,Diesel,V-Type Engine,BS IV,2455 kg,AWD,Automatic,258 bhp
1497 cc,4.0,4.0,DOHC,MPI,Petrol,Smartstream G1.5,BS VI,1355 kg,2WD,Automatic,113.4 bhp
1956 cc,4.0,4.0,,,Diesel,2.0L Multijet Diesel,BS VI,1705 kg,4x4,Automatic,167.67 bhp
2755 cc,4.0,4.0,DOHC,Direct Injection,Diesel,1-GD FTV Engine,BS IV,1880 kg,RWD,Automatic,171.5 bhp
1956 cc,4.0,4.0,DOHC,CRDI,Diesel,Kryotec 2.0 L Turbocharged,BS VI,1695 kg,FWD,Manual,167.63 bhp
2499 cc,4.0,4.0,DOHC,,Petrol,2.5 litre Petrol Engine,BS IV,1785 kg,AWD,Automatic,194.3 bhp
1368 cc,4.0,4.0,DOHC,CRDI,Petrol,1.4-Litre 4-Cyl Multiair,BS IV,1562 s kg,4X2,Automatic,160 bhp
1353 cc,4.0,4.0,,GDi,Petrol,Smartstream G1.4 T-GDi,BS VI,,2WD,Manual,138.05 bhp
1498 cc,4.0,4.0,,TSI,Petrol,1.5 TSI Petrol Engine,BS VI,1298 kg,FWD,Manual,147.51 bhp
1969 cc,4.0,4.0,DOHC,Direct Injection,Diesel,Twin Turbo Diesel Engine,BS IV,2250 kg,AWD,Automatic,235 bhp
1956 cc,4.0,4.0,,,Diesel,Kryotec 2.0 L Turbocharged Engine,BS VI,1725 kg,,Manual,167.67 bhp
1498 cc,4.0,4.0,,,Petrol,1.5 TSI Petrol Engine,BS VI 2.0,1269-1300 kg,FWD,Manual,147.51 bhp
1493 cc,4.0,4.0,,CRDi,Diesel,CRDi VGT,BS VI 2.0,,FWD,Manual,114.41 bhp
1950 cc,4.0,4.0,,CRDI,Diesel,OM 654 Diesel engine,BS VI,1745 kg,AWD,Automatic,194 bhp
1497 cc,4.0,4.0,DOHC,MPI,Petrol,Smartstream G1.5,BS VI,1555 kg,2WD,Automatic,113.42 bhp
1462 cc,4.0,4.0,,,Petrol,K15B Smart Hybrid,BS VI,1130-1170 kg,FWD,Automatic,103.25 bhp
999 cc,3.0,4.0,,TSI,Petrol,1.0L TSI,BS VI,1220 kg,,Manual,113.98 bhp
1798 cc,4.0,4.0,DOHC,Direct Injection,Petrol,1.8TSI Petrol Engine,BS IV,1376 kg,FWD,Automatic,178 bhp
1197 cc,3.0,4.0,,,Petrol,1.2L Petrol,BS VI,1450 kg,,Manual,108.62 bhp
1498 cc,4.0,4.0,,,Diesel,1.5 L Diesel Engine,BS VI,1277 kg,FWD,Manual,99.23 bhp
1498 cc,4.0,4.0,,,Petrol,VTi-TECH,BS VI,1450 kg,,Manual,108.49 bhp
2487 cc,4.0,4.0,DOHC,VVT-iE,Petrol,A25B-FXS,BS VI,,RWD,Automatic,175.67 bhp
1498 cc,4.0,4.0,SOHC,Direct Injection,Diesel,TDCi Diesel Engine,BS IV,1300 kg,FWD,Manual,98.96 bhp
1197 cc,3.0,4.0,DOHC,MPFI,Petrol,1.2 Petrol Engine,BS IV,1295 kg,FWD,Manual,110 bhp
1197 cc,3.0,4.0,,,Petrol,1.2L Petrol,BS VI,1430 kg,,Manual,108.62 bhp
1995 cc,4.0,4.0,,,Petrol,2.0L GME T4,BS VI 2.0,2097 kg,4WD,Automatic,268.27 bhp
1353 cc,4.0,4.0,DOHC,GDI,Petrol,,BS VI,1445 kg,2WD,Manual,138 bhp
1493 cc,4.0,4.0,,CRDi,Diesel,1.5 L CRDi WGT,BS VI,1215 kg,FWD,Manual,98.63 bhp
1199 cc,4.0,4.0,SOHC,,Petrol,1.2 i-VTEC,BS VI,1042 kg,,Manual,88.50 bhp
1197 cc,4.0,4.0,DOHC,MPFI,Petrol,Kappa VTVT Petrol Engine,,1120 kg,FWD,Manual,81.86 bhp
1197 cc,4.0,4.0,DOHC,MPFI,Petrol,Kappa VTVT Petrol Engine,,1060 kg,FWD,Manual,81.86 bhp
1197 cc,4.0,4.0,DOHC,MPFI,Petrol,K12M Petrol Engine,BS VI,830-845 kg,FWD,Manual,81.80 bhp
1199 cc,3.0,4.0,DOHC,MPFi,Petrol,Revotron Engine,BS IV,1017 kg,FWD,Manual,83.81 bhp
2993 cc,6.0,4.0,,Direct Injection,Diesel,TwinPower Turbo 6-cylinder engine,BS VI,1890 kg,4WD,Automatic,261.50 bhp
1493 cc,4.0,4.0,,CRDi,Diesel,1.5 L CRDi VGT,BS VI,1535 kg,FWD,Manual,113.43 bhp
1498 cc,4.0,4.0,DOHC,,Petrol,Water Cooled Inline i-VTEC DOHC with VTC,BS VI,1107-1153 kg,,Manual,119.35 bhp
1482 cc,4.0,4.0,DOHC,,Petrol,1.5l Turbo GDi,BS VI 2.0,,FWD,Manual,158 bhp
1493 cc,4.0,4.0,,DPFi,Diesel,Smartstream G1.5,BS VI,1540 kg,2WD,Manual,113.42 bhp
999 cc,3.0,4.0,,TSI,Petrol,1.0L TSI,BS VI,1285 kg,,Automatic,113.98 bhp
1493 cc,4.0,4.0,,CRDi,Diesel,1.5 L CRDi VGT,BS VI,kerb weight kg,FWD,Automatic,113.43 bhp
1956 cc,4.0,4.0,DOHC,CRDI,Diesel,2.0-Litre 4-Cyl Multijet,BS IV,1537 s kg,4X2,Manual,170 bhp
1999 cc,4.0,4.0,DOHC,Direct Injection,Petrol,Petrol Engine,Euro VI,1780 kg,RWD,Automatic,237.4 bhp
999 cc,3.0,4.0,,TSI,Petrol,1.0 TSI Petrol Engine,BS VI,1245-1280 kg,FWD,Automatic,113.98 bhp
1462 cc,4.0,4.0,DOHC,,Petrol,K15C,BS VI 2.0,,FWD,Manual,101.64 bhp
1956 cc,4.0,4.0,DOHC,CRDI,Diesel,2.0-Litre 4-Cyl Multijet,BS IV,1562 s kg,4X2,Manual,170 bhp
1498 cc,4.0,4.0,,,Petrol,VTi-TECH,BS VI,1400 kg,,Automatic,108.49 bhp
1451 cc,4.0,4.0,,,Petrol,1.5 L Turbocharged Intercooled,BS VI,1820 kg,FWD,Automatic,141 bhp
1199 cc,3.0,4.0,,,Petrol,1.2l Turbocharged Revotron Engine,BS VI 2.0,,,Manual,118.35 bhp
998 cc,3.0,4.0,,GDi,Petrol,Smartstream G1.0 T - GDi,BS VI 2.0,,2WD,Automatic,118.35 bhp
2179 cc,4.0,4.0,DOHC,Direct Injection,Diesel,Diesel Engine,Euro VI,1780 kg,RWD,Automatic,187.7 bhp
999 cc,3.0,4.0,,,Petrol,1.0 TSI Petrol Engine,BS VI 2.0,1245-1284 kg,FWD,Automatic,113.98 bhp
999 cc,3.0,4.0,,,Petrol,1.0L TSI,BS VI,1245 kg,,Automatic,113.98 bhp
1199 cc,3.0,4.0,,,Petrol,1.2l Turbocharged Revotron Engine,BS VI,1250 kg,,Automatic,118.36 bhp
2755 cc,4.0,4.0,DOHC,Direct Injection,Diesel,1-GD FTV Engine,BS IV,1835 kg,RWD,Automatic,171.5 bhp
1199 cc,3.0,4.0,,,Petrol,1.2L Turbocharged Revotron,BS VI 2.0,,FWD,Automatic,118.27 bhp
1956 cc,4.0,4.0,,,Diesel,Kryotec 2.0 L Turbocharged Engine,BS VI,1660 kg,,Manual,167.67 bhp
1998 cc,4.0,4.0,,MPFi,Petrol,Petrol Engine,BS VI,1250 kg,2WD,Automatic,189.08 bhp
1493 cc,4.0,4.0,,CRDi,Diesel,1.5 L CRDi VGT,BS VI 2.0,,2WD,Automatic,114.41 bhp
1497 cc,4.0,4.0,,CRDi,Diesel,1.5L CRDi VGT,BS VI,1595 kg,2WD,Manual,114.41 bhp
1798 cc,4.0,4.0,DOHC,Direct Injection,Petrol,Petrol Engine,BS IV,1540 kg,FWD,Automatic,177.46 bhp
2179 cc,4.0,4.0,DOHC,Direct Injection,Diesel,mHawk Diesel Engine,BS IV,1655 kg,FWD,Manual,140 bhp
1493 cc,4.0,4.0,,CRDi,Diesel,1.5 L CRDi VGT,BS VI,1540 kg,FWD,Automatic,113.43 bhp
1368 cc,4.0,4.0,,,Petrol,1.4L MultiAir Petrol,BS VI,1580 kg,4x2,Automatic,160.77 bhp
1368 cc,4.0,4.0,DOHC,CRDI,Petrol,1.4-Litre 4-Cyl Multiair,BS IV,1562 s kg,4X2,Automatic,160.77 bhp
1493 cc,4.0,4.0,,CRDi,Diesel,1.5 T-CRDi VGT,BS VI 2.0,,2WD,Automatic,114.41 bhp
1493 cc,4.0,4.0,,CRDi,Diesel,1.5 T-GRDi VGT,BS VI 2.0,,2WD,Automatic,114.41 bhp
1462 cc,4.0,4.0,,,Petrol,K15C Smart Hybrid,BS VI 2.0,1200 kg,FWD,Manual,101.64 bhp
1368 cc,4.0,4.0,,,Petrol,1.4L MultiAir Petrol,BS VI,1530 kg,4x2,Automatic,160.77 bhp
1956 cc,4.0,4.0,DOHC,CRDI,Diesel,2.0-Litre 4-Cyl Multijet II Engine,BS VI,1641 s kg,4X4,Automatic,170.63 bhp
1353 cc,4.0,4.0,,GDi,Petrol,Smartstream G1.4 T-GDi,BS VI,1560 kg,2WD,Manual,138.05 bhp
1997 cc,4.0,4.0,,,Petrol,mStallion (TGDi),BS VI 2.0,,RWD,Manual,200 bhp
1493 cc,4.0,4.0,,CRDi,Diesel,1.5 L CRDi VGT,BS VI,1480 kg,FWD,Automatic,113.43 bhp
1956 cc,4.0,4.0,,,Diesel,Kryotec 2.0 L Turbocharged Engine,BS VI,1700 kg,,Automatic,167.67 bhp
1956 cc,4.0,4.0,,,Diesel,2.0L Multijet Diesel,BS VI,1505 kg,4x2,Manual,167.67 bhp
1956 cc,4.0,4.0,DOHC,CRDI,Diesel,2.0-Litre 4-Cyl Multijet,BS VI,1562 s kg,4X2,Manual,170.63 bhp
1969 cc,4.0,4.0,,,Petrol,,BS VI,1590 kg,,Automatic,190 bhp
1493 cc,4.0,4.0,,CRDi,Diesel,1.5 L CRDi VGT,BS VI,1468 kg,FWD,Automatic,113.43 bhp
1999 cc,4.0,4.0,DOHC,MPi,Petrol,,BS VI,1560 kg,,Automatic,150.19 bhp
1498 cc,4.0,4.0,,,Petrol,1.5L TSI EVO with ACT,BS VI 2.0,1260 kg,FWD,Manual,147.51 bhp
1956 cc,4.0,4.0,,,Diesel,Multijet II Turbo Diesel Engine,BS VI,1585 kg,,Automatic,
1956 cc,4.0,4.0,,,Diesel,2.0 L Turbocharged Diesel,BS VI,1860 kg,FWD,Manual,167.68 bhp
2198 cc,4.0,4.0,DOHC,TDCi,Diesel,Diesel Engine,BS IV,1879 kg,RWD,Automatic,158 bhp
1984 cc,4.0,4.0,,,Petrol,2.0 TSI,BS VI,1703 kg,AWD,Automatic,187.74 bhp
1995 cc,4.0,4.0,DOHC,CRDi,Diesel,xDrive20d Diesel Engine,Euro VI,1740 kg,4WD,Automatic,190 bhp
1984 cc,4.0,4.0,,,Petrol,2.0 TSI,BS VI 2.0,1703 kg,AWD,Automatic,187.74 bhp
799 cc,3.0,4.0,DOHC,MPFi,Petrol,Petrol Engine,BS IV,710 kg,FWD,Manual,53.3 bhp
2993 cc,6.0,4.0,DOHC,CRDi,Diesel,Diesel Engine,Euro IV,2010 kg,AWD,Automatic,258 bhp
999 cc,3.0,4.0,,,Petrol,1.0 SCe,BS VI 2.0,,FWD,Automatic,67.06 bhp
1461 cc,4.0,2.0,SOHC,,Diesel,In-Line Diesel Engine,BS IV,1010 kg,FWD,Manual,63.1 bhp
1995 cc,4.0,4.0,DOHC,CRDi,Diesel,TwinPower Turbo 4-Cylinde,BS VI,1720 kg,RWD,Automatic,188 bhp
1497 cc,4.0,4.0,,MPI,Petrol,SMARTSTREAM G1.5,BS VI,1400 kg,FWD,Automatic,113.43 bhp
1497 cc,3.0,4.0,DOHC,Direct Injection,Petrol,Ti-VCT Petrol Engine,BS IV,1078 kg,FWD,Automatic,121 bhp
796 cc,3.0,4.0,DOHC,MPFi,Petrol,F8D Petrol Engine,BS IV,725 kg,FWD,Manual,47.3 bhp
2179 cc,4.0,4.0,DOHC,CRDi,Diesel,2.2 LTR. VARICOR 400,BS IV,1950 kg,AWD,Automatic,153.86 bhp
2179 cc,4.0,4.0,DOHC,Direct Injection,Diesel,mHawk155 Diesel Engine,BS VI,1785 kg,FWD,Manual,152.87 bhp
814 cc,3.0,3.0,SOHC,,Petrol,800 L SOHC 3 Cylinder,,910 kg,RWD,Manual,
1497 cc,4.0,4.0,,Di,Diesel,CRDi,BS VI 2.0,,FWD,Manual,115.05 bhp
1968 cc,4.0,4.0,DOHC,Direct Injection,Diesel,Turbocharged Diesel Engin,BS IV,1608 kg,FWD,Automatic,138.1 bhp
1373 cc,4.0,4.0,DOHC,MPFI,Petrol,k14B VVT Engine,BS IV,1030 kg,FWD,Manual,91.1 bhp
2143 cc,4.0,4.0,,CRDI,Diesel,In-Line Diesel Engine,BS IV,1800 kg,RWD,Automatic,204 bhp
1461 cc,4.0,4.0,DOHC,CRDi,Diesel,K9K dCi Diesel Engine,,1325 kg,,Manual,108.45 bhp
998 cc,3.0,4.0,DOHC,MPFi,Petrol,K Series Petrol Engine,BS IV,779 kg,FWD,Manual,67.05 bhp
1198 cc,3.0,4.0,DOHC,,Petrol,In Line Petrol Engine,BS IV,1100 kg,FWD,Automatic,75.94 bhp
1198 cc,4.0,4.0,SOHC,MPFi,Petrol,i-VTEC Petrol Engine,BS IV,955 kg,FWD,Manual,86.7 bhp
1968 cc,4.0,4.0,DOHC,CRDI,Diesel,TDI Quattro Diesel Engine,Euro IV,1660 kg,AWD,Automatic,174.33 bhp
1198 cc,4.0,4.0,SOHC,PGM - Fi,Petrol,i-VTEC Engine,BS IV,925 kg,FWD,Manual,86.8 bhp
1197 cc,4.0,4.0,SOHC,MPFI,Petrol,1.2-Litre VVT Petrol Engi,BS IV,855 kg,FWD,Automatic,81.80 bhp
1968 cc,4.0,4.0,DOHC,CRDI,Diesel,TDI Diesel Engine,Euro IV,1660 kg,AWD,Automatic,174.33 bhp
1462 cc,4.0,4.0,,,Petrol,K15B Smart Hybrid,BS VI,1130-1170 kg,FWD,Manual,103.25 bhp
1199 cc,3.0,4.0,,,Petrol,1.2L Revotron Engine,BS VI,1030 kg,,Manual,84.82 bhp
1396 cc,4.0,4.0,DOHC,CRDI,Diesel,U2 CRDI Diesel Engine,,1160 kg,FWD,Manual,88.76 bhp
1999 cc,4.0,4.0,,,Petrol,mSTALLION,BS VI 2.0,,FWD,Automatic,197 bhp
1197 cc,4.0,4.0,DOHC,MPFI,Petrol,K Series VVT Engine,BS VI,860-895 kg,FWD,Automatic,81.80 bhp
1199 cc,3.0,4.0,,,Petrol,1.2l Turbocharged Revotron Engine,BS VI,1230 kg,,Automatic,118.36 bhp
1086 cc,4.0,3.0,SOHC,MPFI,Petrol,IRDE2 Engine,BS IV,860 kg,FWD,Manual,68.05 bhp
1197 cc,4.0,4.0,DOHC,MPFI,Petrol,Kappa VTVT Petrol Engine,,1100 kg,FWD,Manual,81.86 bhp
998 cc,3.0,4.0,DOHC,MPFi,Petrol,K10B Engine,BS VI,835 kg,FWD,Manual,67.05 bhp
1199 cc,4.0,4.0,SOHC,MPFi,Petrol,i-VTEC Petrol Engine,BS IV,945 kg,FWD,Automatic,88.76 bhp
1199 cc,3.0,4.0,DOHC,MPFi,Petrol,Revotron Engine,BS IV,1012 kg,FWD,Automatic,83.83 bhp
1199 cc,3.0,4.0,DOHC,MPFi,Petrol,Revotron Engine,,1035-1062 kg,FWD,Automatic,83.81 bhp
1999 cc,4.0,4.0,DOHC,MPFi,Petrol,Dual VTVT Nu 2.0 Petrol,BS IV,1497 kg,2WD,Automatic,152.88 bhp
1198 cc,4.0,4.0,SOHC,PGM - Fi,Petrol,i-VTEC Engine,BS IV,970 kg,FWD,Automatic,86.8 bhp
1248 cc,4.0,4.0,DOHC,,Diesel,DDiS 200 Diesel Engine,BS IV,1240 kg,FWD,Manual,88.5 bhp
1373 cc,4.0,4.0,DOHC,MPFI,Petrol,k14B VVT Engine,BS IV,1010 kg,FWD,Manual,91.1 bhp
2596 cc,4.0,4.0,,,Diesel,FM 2.6L CRDi,BS VI 2.0,,4WD,Manual,138 bhp
1497 cc,4.0,4.0,,MPI,Petrol,SMARTSTREAM G1.5,BS VI,1340 kg,FWD,Manual,113.43 bhp
1197 cc,4.0,4.0,,,Petrol,K12N,BS VI 2.0,845 kg,FWD,Manual,88.50 bhp
1197 cc,4.0,4.0,DOHC,MPFI,Petrol,In-Line Engine,Bharat Stage IV,1020 kg,FWD,Manual,
1197 cc,4.0,4.0,DOHC,MPFI,Petrol,Kappa VTVT Petrol Engine,BS IV,935 kg,FWD,Automatic,82 bhp
1999 cc,4.0,4.0,,TGDi,Petrol,2.0L Turbo Petrol,BS VI,1850 kg,FWD,Automatic,197.13 bhp
1499 cc,4.0,4.0,DOHC,Direct Injection,Petrol,Ti-VCT Petrol Engine,BS IV,1290 kg,FWD,Automatic,110 bhp
1493 cc,3.0,2.0,,CRDi,Diesel,mHawk 100 Diesel Engine,,1755 kg,RWD,Manual,100 bhp
1193 cc,4.0,2.0,SOHC,MPFi,Petrol,Revotron Engine,BS IV,1095-1125 kg,FWD,Manual,88.7 bhp
1498 cc,4.0,4.0,DOHC,,Diesel,i-DTEC Diesel Engine,BS IV,1055 kg,FWD,Manual,98.6 bhp
1396 cc,4.0,4.0,DOHC,CRDI,Diesel,Diesel Engine,"BS III, BS IV (For Metro Cities)",1140 kg,,Manual,
999 cc,3.0,4.0,DOHC,Direct Injection,Petrol,Ecoboost Petrol Engine,BS IV,1200 kg,FWD,Manual,123.24 bhp
998 cc,3.0,4.0,DOHC,,Petrol,K10B Petrol Engine,BS IV,890 kg,FWD,Manual,67.04 bhp
1198 cc,4.0,2.0,SOHC,,Petrol,In-Line Diesel Engine,BS IV,1035 kg,FWD,Manual,63.1 bhp
2179 cc,4.0,4.0,DOHC,Direct Injection,Diesel,mHawk Diesel Engine,BS IV,1785 kg,FWD,Manual,152.87 bhp
1198 cc,3.0,4.0,DOHC,MPFI,Petrol,mFALCON G80 Engine,BSIV,1155 kg,FWD,Manual,82 bhp
1197 cc,4.0,4.0,DOHC,MPFI,Petrol,Kappa VTVT Petrol Engine,BS IV,935 kg,FWD,Manual,82 bhp
998 cc,3.0,4.0,DOHC,MPFi,Petrol,K10B Engine,BS IV,847 kg,FWD,Automatic,67.04 bhp
1497 cc,4.0,4.0,SOHC,PGM-Fi,Petrol,i VTEC Engine,BS IV,1061 kg,FWD,Manual,117.6 bhp
998 cc,3.0,4.0,DOHC,,Petrol,K10B Petrol Engine,BS IV,885 kg,FWD,Manual,67.04 bhp
1197 cc,4.0,4.0,DOHC,Direct Injection,Petrol,Kappa VTVT Petrol Engine,BS IV,1140 kg,FWD,Manual,82 bhp
1598 cc,4.0,4.0,DOHC,MPFI,Petrol,MPI Petrol Engine,BS IV,1142 kg,FWD,Manual,103.2 bhp
2143 cc,4.0,4.0,DOHC,CRDi,Diesel,Diesel Engine,,1585 kg,AWD,Automatic,136 bhp
1199 cc,3.0,4.0,,,Petrol,1.2l Turbocharged Revotron Engine,BS VI,1310 kg,,Automatic,118.35 bhp
1199 cc,4.0,4.0,SOHC,PGM - Fi,Petrol,i-VTEC Petrol Engine,BS IV,1044 kg,FWD,Manual,88.7 bhp
1196 cc,4.0,4.0,DOHC,Direct Injection,Petrol,Ti-VCT Petrol Engine,BS IV,995-1015 kg,FWD,Manual,86.8 bhp
2179 cc,4.0,4.0,DOHC,Direct Injection,Diesel,mHawk Diesel Engine,BS IV,1635 kg,AWD,Manual,140 bhp
998 cc,3.0,4.0,DOHC,MPFi,Petrol,K10B Engine,BS IV,840 kg,FWD,Automatic,67.04 bhp
1197 cc,4.0,4.0,,,Petrol,1.2 l Kappa,BS VI 2.0,,FWD,Automatic,87 bhp
1197 cc,4.0,4.0,,,Petrol,1.2 L Petrol Engine,BS VI 2.0,920-955 kg,FWD,Manual,88.50 bhp
1197 cc,4.0,4.0,,,Petrol,,BS VI,880-915 kg,,Automatic,88.50 bhp
999 cc,3.0,4.0,,MPFi,Petrol,,BS VI,947 kg,,Manual,71.01 bhp
1591 cc,4.0,4.0,DOHC,MPFI,Petrol,VTVT Petrol Engine,BS IV,1238 kg,FWD,Automatic,121.3 bhp
1199 cc,4.0,4.0,SOHC,MPFi,Petrol,i-VTEC Petrol Engine,BS IV,917 kg,FWD,Manual,88.76 bhp
1199 cc,3.0,4.0,,,Petrol,1.2l Turbocharged Revotron Engine,BS VI,1195 kg,,Manual,118.36 bhp
2359 cc,4.0,4.0,DOHC,Gasoline Direct Injection,Petrol,GDi Petrol Engine,BSIV,2080 kg,FWD,Automatic,198.25 bhp
1497 cc,4.0,4.0,DOHC,MPi,Petrol,1.5 L MPi Petrol,BS VI 2.0,1430 kg,2WD,Manual,113.18 bhp
1197 cc,4.0,4.0,DOHC,Direct Injection,Petrol,TSI Petrol Engine,BS IV,1109 kg,FWD,Automatic,103.5 bhp
999 cc,3.0,4.0,,,Petrol,1.0 B4D,BS VI 2.0,1019 kg,FWD,Automatic,71 bhp
999 cc,3.0,4.0,,MPFi,Petrol,,BS VI,947 kg,,Automatic,71.01 bhp
1197 cc,4.0,4.0,DOHC,MPFI,Petrol,Kappa VTVT Petrol Engine,,1054-1093 kg,FWD,Automatic,81.86 bhp
1196 cc,4.0,4.0,DOHC,SEFI,Petrol,Petrol Engine,BS IV,1060 kg,Front Wheel Drive,Manual,70 bhp
1197 cc,4.0,4.0,DOHC,MPFI,Petrol,Kappa VTVT Petrol Engine,,1160 kg,FWD,Manual,81.86 bhp
1586 cc,4.0,4.0,DOHC,MPFI,Petrol,VVT Petrol Engine,BS IV,1170 kg,FWD,Manual,103.3 bhp
,,,,,Electric,,ZEV,,FWD,Automatic,174.33 bhp
998 cc,3.0,4.0,,,Petrol,K10C,BS VI 2.0,825 kg,FWD,Manual,65.71 bhp
1498 cc,4.0,4.0,DOHC,Direct Injection,Diesel,Turbocharged Diesel Engin,BS IV,1182 kg,FWD,Automatic,103.6 bhp
1248 cc,4.0,4.0,DOHC,CRDI,Diesel,DDiS Diesel Engine,BS IV,1070 kg,FWD,Automatic,74 bhp
1248 cc,4.0,4.0,,CRDI,Diesel,DDiS Diesel Engine,BS IV,1060 kg,FWD,Manual,74 bhp
1248 cc,4.0,4.0,DOHC,CRDI,Diesel,DDiS Diesel Engine,BS IV,1060 kg,FWD,Manual,74 bhp
2393 cc,4.0,4.0,DOHC,Direct Injection,Diesel,2-GD FTV Engine,BS IV,1810 kg,RWD,Manual,147.8 bhp
624 cc,2.0,2.0,SOHC,MPFI,Petrol,Petrol Engine,BS IV,710 kg,RWD,Manual,37.5 bhp
1198 cc,3.0,4.0,DOHC,MPFI,Petrol,mFALCON G80 Engine,BSIV,1195 kg,FWD,Manual,82 bhp
998 cc,3.0,4.0,,,Petrol,K10C,BS VI 2.0,815 kg,FWD,Automatic,67.77 bhp
2698 cc,6.0,4.0,DOHC,CRDI,Diesel,V-Type Engine,Euro IV,1655 kg,FWD,Automatic,
1197 cc,4.0,4.0,,,Petrol,VVT,BS VI,840-865 kg,,Manual,81.80 bhp
1497 cc,3.0,4.0,DOHC,Direct Injection,Petrol,Ti-VCT Petrol Engine,BS IV,1225 kg,FWD,Manual,121.36 bhp
1198 cc,3.0,4.0,DOHC,MPFI,Petrol,MPI Petrol Engine,BS IV,1069 kg,FWD,Manual,73.75 bhp
1497 cc,4.0,2.0,iDSI,PGM-FI (Programmed Fuel Injection),Petrol,In-Line Engine,Bharat Stage III,1060 kg,,Manual,
1197 cc,4.0,4.0,DOHC,MPFI,Petrol,VTVT Petrol Engine,BS IV,1020 kg,FWD,Manual,81.86 bhp
998 cc,3.0,4.0,DOHC,MPFi,Petrol,K10B Engine,BS IV,845 kg,FWD,Automatic,67.04 bhp
998 cc,3.0,4.0,DOHC,,Petrol,K10B Petrol Engine,BS IV,890 kg,FWD,Automatic,67 bhp
1497 cc,4.0,4.0,SOHC,PGM-Fi,Petrol,i VTEC Engine,BS IV,1029 kg,FWD,Manual,117.3 bhp
1197 cc,4.0,4.0,,MPFI,Petrol,K Series VVT Engine,BS IV,990 kg,FWD,Manual,85.8 bhp
998 cc,3.0,4.0,DOHC,MPFi,Petrol,K Series Petrol Engine,BS IV,784 kg,FWD,Automatic,67.05 bhp
1197 cc,4.0,4.0,,Direct Injection,Petrol,Turbocharged Petrol Engin,BS IV,1178 kg,FWD,Automatic,103.6 bhp
1197 cc,4.0,4.0,,,Petrol,K12N,BS VI,835-850 kg,,Manual,88.50 bhp
998 cc,3.0,4.0,DOHC,MPFI,Petrol,K10B Petrol Engine,BS VI,805-825 kg,FWD,Manual,67.05 bhp
1461 cc,4.0,4.0,DOHC,CRDI,Diesel,dCi Diesel Engine,BS IV,1220 kg,FWD,Manual,108.45 bhp
1199 cc,4.0,4.0,SOHC,MPFi,Petrol,i-VTEC Petrol Engine,BS IV,942 kg,FWD,Automatic,88.76 bhp
1197 cc,4.0,4.0,DOHC,MPFI,Petrol,Kappa VTVT Petrol Engine,BSIV,1040 kg,FWD,Manual,82.85 bhp
,,,,,Electric,,ZEV,,RWD,Automatic,41.42 bhp
1799 cc,4.0,4.0,SOHC,PGM-FI (Programmed Fuel Injection),Petrol,In-Line Engine,Bharat Stage III,1210 kg,FWD,Automatic,130 bhp
1950 cc,4.0,4.0,DOHC,CRDI,Diesel,V Type Engine,BS VI,2150 kg,AWD,Automatic,241.38 bhp
1197 cc,4.0,4.0,DOHC,MPFI,Petrol,In-Line Engine,Bharat Stage IV,1020 kg,,Manual,
1199 cc,4.0,4.0,SOHC,PGM - Fi,Petrol,i-VTEC Petrol Engine,BS IV,1042 kg,FWD,Manual,88.7 bhp
998 cc,3.0,4.0,DOHC,MPFi,Petrol,K10B Engine,BS VI,850 kg,FWD,Automatic,67.05 bhp
1198 cc,4.0,4.0,SOHC,,Petrol,i-VTEC Petrol Engine,BS IV,950 kg,FWD,Manual,86.7 bhp
998 cc,3.0,4.0,DOHC,MPFi,Petrol,K10B Engine,BS IV,850 kg,FWD,Automatic,67.04 bhp
1197 cc,3.0,4.0,,,Petrol,mStallion (TGDi) engine,BS VI 2.0,,FWD,Automatic,128.73 bhp
2360 cc,4.0,4.0,DOHC,MPFI,Petrol,Petrol,BS III,1615 kg,All Wheel Drive,Automatic,
1197 cc,4.0,4.0,DOHC,MPFI,Petrol,DOHC Kappa2 Engine,BSIV,960 kg,FWD,Manual,78.9 bhp
1498 cc,4.0,2.0,SOHC,Direct Injection,Diesel,TDCi Diesel Engine,BS IV,1240 kg,FWD,Manual,98.59 bhp
1499 cc,4.0,4.0,DOHC,Direct Injection,Petrol,Ti-VCT Petrol Engine,BS IV,1290 kg,FWD,Manual,110 bhp
1197 cc,4.0,4.0,DOHC,MPFI,Petrol,VTVT Petrol Engine,BS IV,1040 kg,FWD,Manual,81.86 bhp
1956 cc,4.0,4.0,,,Diesel,2.0L Multijet Diesel,BS VI,1660 kg,4x4,Automatic,167.67 bhp
1956 cc,4.0,4.0,,,Diesel,Kryotec 2.0L,BS VI 2.0,,FWD,Automatic,167.62 bhp
1984 cc,4.0,4.0,,direct injection,Petrol,2.0 L TSI Petrol Engine,BS VI,1430 kg,FWD,Automatic,187.74 bhp
2982 cc,4.0,4.0,DOHC,CRDi,Diesel,D-4D Diesel Engine,BS IV,1880 kg,FWD,Manual,168.5 bhp
2393 cc,4.0,4.0,DOHC,CRDi,Diesel,2.4L Diesel Engine,BS VI,1870 kg,RWD,Automatic,148 bhp
1493 cc,4.0,4.0,DOHC,CRDi,Diesel,1.5 L U2 CRDi Diesel,BS VI,1585 kg,,Manual,113.45 bhp
1987 cc,4.0,4.0,DOHC,,Petrol,2.0 TNGA 5th Generation In-Line VVTi,BS VI 2.0,,FWD,Automatic,183.72 bhp
2393 cc,7.0,4.0,DOHC,Direct Injection,Diesel,2-GD FTV Engine,BS IV,1820 kg,RWD,Manual,147.8 bhp
1396 cc,4.0,4.0,DOHC,MPFI,Petrol,In-Line Engine,Bharat Stage IV,1050 kg,FWD,Automatic,
1248 cc,4.0,4.0,DOHC,CRDi,Diesel,DDiS 200 Diesel Engine,BS IV,1200 kg,FWD,Manual,88.5 bhp
,,,,,Electric,,ZEV,,FWD,Automatic,120.69 bhp
998 cc,3.0,4.0,,GDi,Petrol,Smartstream G1.0 T - GDi,BS VI,1304 kg,FWD,Automatic,118.36 bhp
1248 cc,4.0,4.0,DOHC,CRDI,Diesel,D13A SHVS Engine,BS IV,1265 kg,FWD,Manual,88.5 bhp
1591 cc,4.0,4.0,DOHC,MPFI,Petrol,VTVT Petrol Engine,BS IV,1248 kg,FWD,Manual,121.3 bhp
1396 cc,4.0,4.0,DOHC,CRDi,Diesel,U2 CRDI Engine,BS VI,1260 kg,FWD,Manual,88.7 bhp
1490 cc,3.0,4.0,,,Petrol,M15D With Strong Hybrid,BS VI 2.0,1260-1275 kg,FWD,Automatic,91.18 bhp
2143 cc,4.0,4.0,DOHC,CRDi,Diesel,In Line Diesel Engine,Euro VI,1570 kg,FWD,Automatic,136 bhp
1999 cc,4.0,4.0,DOHC,,Petrol,Petrol Engine,BS IV,1650 kg,RWD,Automatic,246.74 bhp
1997 cc,4.0,4.0,,,Petrol,mStallion 150 TGDi,BS VI 2.0,,4WD,Automatic,150.19 bhp
1461 cc,4.0,4.0,DOHC,CRDI,Diesel,dCi Diesel Engine,BS IV,1240 kg,FWD,Manual,108.45 bhp
1991 cc,4.0,4.0,SOHC,CRDI,Diesel,"4 Cylinder, VCDi",Euro IV,1520 kg,,Manual,147.9 bhp
799 cc,3.0,4.0,DOHC,MPFi,Petrol,0.8L Petrol Engine,BS VI,770 kg,FWD,Manual,53.64 bhp
1493 cc,4.0,4.0,DOHC with VGT,CRDi,Diesel,1.5 l U2 CRDi diesel,BS VI,1240 kg,,Manual,113.45 bhp
1199 cc,4.0,4.0,,,Petrol,i-VTEC,BS VI 2.0,920 kg,FWD,Manual,88.50 bhp
1198 cc,3.0,4.0,,MPFI,Petrol,mFALCON G80,BS VI,1135 kg,2WD,Manual,82 bhp
796 cc,3.0,4.0,SOHC,MPFI,Petrol,In-Line Engine,Bharat Stage IV,705 kg,FWD,Manual,46.3 bhp
998 cc,3.0,4.0,,GDi,Petrol,1.0 l Kappa Turbo,BS VI 2.0,,FWD,Automatic,118 bhp
1462 cc,4.0,4.0,DOHC,MPFI,Petrol,K15 Smart Hybrid,BS VI,1135-1170 kg,FWD,Automatic,103.26 bhp
1086 cc,4.0,3.0,SOHC,MPFI,Petrol,IRDE2 Engine,BSIV,900 kg,FWD,Manual,68.05 bhp
796 cc,3.0,4.0,,,Petrol,F8D,BS VI 2.0,762 kg,FWD,Manual,47.33 bhp
999 cc,3.0,4.0,DOHC,MPFi,Petrol,Petrol Engine,,710 kg,FWD,Manual,67 bhp
1248 cc,4.0,4.0,DOHC,DDIS,Diesel,DDiS 200 Diesel Engine,BS IV,1230 kg,FWD,Manual,88.5 bhp
1591 cc,4.0,4.0,DOHC,MPFi,Petrol,VTVT Petrol Engine,BS VI,1280 kg,FWD,Automatic,121.3 bhp
998 cc,3.0,4.0,,GDi,Petrol,Smartstream G1.0 T - GDi,BS VI,1210 kg,FWD,Manual,118.36 bhp
1493 cc,4.0,4.0,,CRDi,Diesel,U2 CRDi Diesel,BS VI,1220 kg,FWD,Manual,98.6 bhp
1798 cc,4.0,4.0,DOHC,EFI,Petrol,2ZR-FE Petrol Engine,BS IV,1200 kg,FWD,Manual,138.03 bhp
1197 cc,4.0,4.0,DOHC,MPFI,Petrol,Kappa VTVT Petrol Engine,BS VI,1054-1093 kg,FWD,Automatic,81.86 bhp
814 cc,3.0,3.0,SOHC,MPFI,Petrol,Petrol Engine,,860 kg,FWD,Manual,55.2 bhp
814 cc,3.0,3.0,SOHC,MPFI,Petrol,Petrol Engine,,880 kg,FWD,Manual,55.2 bhp
1172 cc,4.0,2.0,SOHC,MPFi,Petrol,FIRE Engine,,920 kg,FWD,Manual,67 bhp
998 cc,3.0,4.0,,MPFI,Petrol,K Series Petrol Engine,BS IV,865 kg,FWD,Manual,67.1 bhp
1198 cc,3.0,4.0,DOHC,,Petrol,In Line Petrol Engine,BS IV,1060 kg,FWD,Manual,75 bhp
1197 cc,4.0,4.0,DOHC,MPFI,Petrol,Kappa VTVT Petrol Engine,BSIV,980 kg,FWD,Manual,82.85 bhp
814 cc,3.0,3.0,SOHC,MPFI,Petrol,Petrol Engine,BSIV,880 kg,FWD,Manual,55.2 bhp
799 cc,3.0,4.0,DOHC,MPFi,Petrol,0.8L Petrol Engine,BS VI,700 kg,2WD,Manual,53.64 bhp
814 cc,3.0,3.0,SOHC,MPFI,Petrol,Petrol Engine,,910 kg,FWD,Manual,55.2 bhp
1248 cc,4.0,4.0,DOHC,Direct Injection,Diesel,MULTIJET Engine,,980 kg,FWD,Manual,75 bhp
1396 cc,4.0,4.0,DOHC,CRDI,Diesel,Diesel Engine,"BS III, BS IV (For Metro Cities)",1100 kg,,Manual,
1969 cc,4.0,4.0,DOHC,Direct Injection,Diesel,Twin Turbo Diesel Engine,BS VI,2350 kg,AWD,Automatic,235 bhp
1996 cc,4.0,4.0,,,Diesel,DIESEL 2.0L TWIN TURBO,BS VI 2.0,,4WD,Automatic,212.55 bhp
1999 cc,4.0,4.0,,,Petrol,,BS VI,1940 kg,RWD,Automatic,325.48 bhp
1498 cc,4.0,4.0,DOHC,MPFI,Petrol,H4K Petrol Engine,BS IV,1295 kg,FWD,Manual,104.55 bhp
1497 cc,3.0,4.0,DOHC,Direct Injection,Petrol,Ti-VCT Petrol Engine,BS IV,1274 kg,FWD,Manual,121.36 bhp
998 cc,3.0,4.0,,,Petrol,1.0 l Turbo GDi petrol,BS VI,1240 kg,,Manual,118.36 bhp
1197 cc,4.0,4.0,DOHC,MPFI,Petrol,Kappa VTVT Petrol Engine,,1140 kg,FWD,Manual,81.86 bhp
1197 cc,3.0,4.0,DOHC,MPFI,Petrol,1.2L Turbo Petrol,BS VI,1295 kg,FWD,Manual,108.6 bhp
1497 cc,4.0,4.0,DOHC,CRDi,Diesel,1.5 Diesel Engine,BS IV,1495 kg,FWD,Manual,115 bhp
1498 cc,4.0,4.0,DOHC,CRDi,Diesel,i-DTEC Diesel Engine,BS IV,1198 kg,FWD,Manual,98.6 bhp
1498 cc,4.0,4.0,,TSI,Petrol,1.5L TSI EVO with ACT,BS VI,1312 kg,,Automatic,147.51 bhp
1462 cc,4.0,4.0,,,Petrol,k-series1.5l,BS VI,1115-1130 kg,,Manual,103.26 bhp
1997 cc,4.0,4.0,DOHC,Direct Injection,Diesel,mHawk Diesel Engine,BS IV,1915 kg,FWD,Manual,140 bhp
1493 cc,4.0,4.0,,MPI,Diesel,SMARTSTREAM G1.2,BS VI,1192 kg,FWD,Manual,81.86 bhp
1197 cc,4.0,4.0,,MPi,Petrol,Kappa 1.2 L MPi Petrol,BS VI,1100 kg,FWD,Manual,81.86 bhp
1198 cc,3.0,4.0,DOHC,MPFI,Petrol,Revotron 1.2L Turbocharge,BS IV,1252 kg,FWD,Manual,108.5 bhp
1493 cc,3.0,4.0,,,Diesel,mHAWk100,BS VI,1250 kg,RWD(with MTT),Manual,100 bhp
1199 cc,3.0,4.0,,,Petrol,1.2 L Revotron,BS VI,982 kg,,Manual,84.82 bhp
1493 cc,4.0,4.0,,GRDi,Diesel,1.5 l U2,BS VI 2.0,,FWD,Manual,114 bhp
1498 cc,4.0,4.0,DOHC,Direct Injection,Diesel,i DTEC Diesel Engine,BS IV,1170 kg,FWD,Manual,97.9 bhp
1496 cc,3.0,4.0,,,Petrol,1.5 L Petrol Engine,BS VI,1225 kg,FWD,Manual,120.69 bhp
1496 cc,3.0,4.0,,,Petrol,1.5 L Petrol Engine,BS VI,1300 kg,FWD,Automatic,120.69 bhp
998 cc,3.0,4.0,,GDi,Petrol,Kappa 1.0 L Turbo GDi Petrol,BS VI,1300 kg,FWD,Manual,118.35 bhp
2179 cc,4.0,4.0,DOHC,Direct Injection,Diesel,mHawk155 Diesel Engine,BS VI,1595 kg,FWD,Manual,152.87 bhp
1956 cc,4.0,4.0,DOHC,CRDI,Diesel,2.0-Litre 4-Cyl Multijet,BS IV,1641 s kg,4X4,Manual,170 bhp
1461 cc,4.0,4.0,DOHC,CRDi,Diesel,K9K Diesel Engine,BS IV,1405 kg,FWD,Manual,83.14 bhp
1197 cc,3.0,4.0,,,Petrol,1.2L Petrol,BS VI,1450 kg,,Automatic,108.62 bhp
1462 cc,4.0,4.0,,,Petrol,K15B Smart Hybrid,BS VI,1180 kg,FWD,Manual,103.2 bhp
1497 cc,4.0,4.0,DOHC,CDI,Diesel,"Revotorq, 1.5L Turbocharg",BS IV,1305 kg,FWD,Manual,108.5 bhp
1498 cc,4.0,4.0,DOHC,Direct Injection,Diesel,i DTEC Diesel Engine,BS IV,1165 kg,FWD,Manual,98.6 bhp
2179 cc,4.0,4.0,DOHC,CRDi,Diesel,2.2 LTR. VARICOR 400,BS IV,1975 kg,4WD,Manual,153.86 bhp
1396 cc,4.0,4.0,DOHC,CRDI,Diesel,U2 CRDI Diesel Engine,,1180 kg,FWD,Manual,88.76 bhp
1197 cc,4.0,4.0,,,Petrol,1.2 l Kappa,BS VI 2.0,,FWD,Manual,81.8 bhp
1199 cc,3.0,4.0,,,Petrol,1.2L Revotron,BS VI 2.0,,FWD,Manual,85 bhp
1199 cc,3.0,4.0,,,Petrol,1.2l Turbocharged Revotron Engine,BS VI,1345 kg,,Manual,118.35 bhp
1197 cc,4.0,4.0,,MPi,Petrol,Kappa 1.2 L MPi Petrol,BS VI,1060 kg,FWD,Manual,81.86 bhp
1248 cc,4.0,4.0,DOHC,CRDI,Diesel,DDIS 200 Engine,BS IV,1105 kg,FWD,Manual,88.5 bhp
1498 cc,4.0,4.0,DOHC,CRDI,Diesel,DDiS 225 Diesel Engine,BS IV,1065 kg,FWD,Manual,93.87 bhp
1999 cc,4.0,4.0,DOHC,MPFi,Petrol,Dual VTVT Nu 2.0 Petrol,BS IV,1537 kg,2WD,Automatic,152.88 bhp
1493 cc,4.0,4.0,,CRDi,Diesel,1.5L CRDi VGT,BS VI 2.0,,FWD,Automatic,114 bhp
999 cc,3.0,4.0,DOHC,MPFi,Petrol,Petrol Engine,BS VI,750 kg,FWD,Automatic,67 bhp
2994 cc,6.0,4.0,,TFSI,Petrol,3.0 L V6 TFSI Petrol engine,BS VI,1760 kg,AWD,Automatic,348.66 bhp
1984 cc,4.0,4.0,,direct injection,Petrol,2.0 L TSI Petrol Engine,BS VI,1459 kg,FWD,Automatic,187.74 bhp
1497 cc,4.0,4.0,SOHC,EFI(Electronic Fuel Injection),Petrol,SOHC i-VTEC,,1095 kg,FWD,Manual,116.3 bhp
1248 cc,4.0,4.0,DOHC,CRDI,Diesel,DDiS Diesel Engine,BS IV,1235 kg,FWD,Manual,88.8 bhp
1968 cc,4.0,4.0,DOHC,CRDI,Diesel,TDI Diesel Engine,Euro V,1595 kg,FWD,Automatic,174.33 bhp
1999 cc,4.0,4.0,,,Petrol,mStallion,BS VI 2.0,,FWD,Automatic,197 bhp
999 cc,3.0,4.0,DOHC,MPFi,Petrol,Petrol Engine,,730 kg,FWD,Automatic,67 bhp
999 cc,3.0,4.0,DOHC,MPFi,Petrol,Petrol Engine,BS VI,730 kg,FWD,Manual,67 bhp
1591 cc,4.0,4.0,DOHC,MPFI,Petrol,VTVT Petrol Engine,,1218 kg,,Automatic,121.3 bhp
1353 cc,4.0,4.0,,GDi,Petrol,Smartstream G1.4,BS VI,1535 kg,FWD,Automatic,138.08 bhp
1461 cc,4.0,4.0,DOHC,Common Rail Direct Injection (dCi),Diesel,1.5L 16 Valve Diesel Engi,,1335 kg,FWD,Manual,84 bhp
1197 cc,4.0,4.0,DOHC,MPFI,Petrol,DOHC Kappa2 Engine,BSIV,990 kg,FWD,Automatic,78.9 bhp
2953 cc,4.0,4.0,DOHC,Direct Injection Common Rail,Diesel,TDCi Diesel Engine,BSIV,2014 kg,FWD,Automatic,153.86 bhp
1999 cc,4.0,4.0,,"Multi point, indirect injection",Petrol,2.0 L Beta II I4,BS VI 2.0,,FWD,Automatic,153.81 bhp
1462 cc,4.0,4.0,,,Petrol,K15C With Mild Hybrid System,BS VI 2.0,1180-1285 kg,FWD,Automatic,101.64 bhp
1451 cc,4.0,4.0,,,Petrol,1.5L Turbocharged Intercooled,BS VI,1820 kg,,Automatic,141 bhp
2393 cc,7.0,4.0,DOHC,Direct Injection,Diesel,2-GD FTV Engine,BS IV,1825 kg,RWD,Manual,147.8 bhp
999 cc,3.0,4.0,,,Petrol,1.0L TSI,BS VI 2.0,1255 kg,FWD,Manual,113.98 bhp
1999 cc,4.0,4.0,,TGDi,Petrol,2.0L Turbo Petrol,BS VI,1795 kg,FWD,Automatic,197.13 bhp
1493 cc,4.0,4.0,DOHC,Common rail direct injection,Diesel,1.5 l diesel CRDi engine,BS VI,1770 kg,,Manual,113.42 bhp
1956 cc,4.0,4.0,,,Diesel,Kryotec 2.0 L Turbocharged Engine,BS VI 2.0,1700 kg,,Automatic,167.67 bhp
1353 cc,4.0,4.0,,GDi,Petrol,Smartstream G1.4 T-GDi,BS VI,1630 kg,2WD,Automatic,138.05 bhp
1497 cc,4.0,4.0,,,Diesel,1.5L Turbo Diesel with CRDi,BS VI,1460 kg,,Manual,115.05 bhp
1197 cc,4.0,4.0,,,Petrol,1.2 l Kappa,BS VI 2.0,,FWD,Manual,82 bhp
1462 cc,4.0,4.0,,,Petrol,K15C Smart Hybrid,BS VI,1110 kg,,Manual,101.65 bhp
999 cc,3.0,4.0,,,Petrol,1.0L TSI,BS VI 2.0,1255 kg,FWD,Automatic,113.98 bhp
1451 cc,4.0,4.0,,,Petrol,1.5 L Turbocharged Intercooled,BS VI 2.0,,FWD,Manual,141 bhp
999 cc,3.0,4.0,,,Petrol,1.0 TSI Petrol Engine,BS VI 2.0,1193-1248 kg,FWD,Manual,113.98 bhp
998 cc,3.0,4.0,,,Petrol,1.0L Turbo Boosterjet,BS VI 2.0,1055-1060 kg,FWD,Automatic,98.69 bhp
1482 cc,4.0,4.0,,GDi,Petrol,Smartstream T-GDi,BS VI 2.0,,FWD,Manual,157.81 bhp
1498 cc,4.0,4.0,,,Petrol,i-VTEC,BS VI 2.0,1107 kg,FWD,Manual,119.35 bhp
1451 cc,4.0,4.0,,,Petrol,,BS VI,1800 kg,FWD,Automatic,141 bhp
998 cc,3.0,4.0,,GDi,Petrol,Smartstream G1.0 T-GDi,BS VI,1525 kg,FWD,Automatic,118.36 bhp
999 cc,3.0,4.0,,,Petrol,1.0L TSI,BS VI 2.0,1224 kg,FWD,Automatic,113.98 bhp
1353 cc,4.0,4.0,DOHC,GDI,Petrol,,BS VI,1505 kg,2WD,Automatic,138 bhp
1462 cc,4.0,4.0,DOHC,MPFI,Petrol,K15 Smart Hybrid,BS VI,1135-1170 kg,FWD,Manual,103.26 bhp
1493 cc,4.0,4.0,DOHC,CRDi,Diesel,1.5L CRDi VGT,BS VI,1495 kg,2WD,Automatic,113.42 bhp
1493 cc,4.0,4.0,,,Diesel,1.5 l U2 diesel,BS VI,1200 kg,,Manual,98.63 bhp
1498 cc,4.0,4.0,,,Petrol,VTi-TECH,BS VI,1450 kg,,Automatic,108.49 bhp
1462 cc,4.0,4.0,,,Petrol,,BS VI,1150 - 1185 kg,2WD,Manual,101.64 bhp
999 cc,3.0,4.0,,TSI,Petrol,1.0L TSI,BS VI 2.0,1256 kg,FWD,Automatic,114 bhp
1497 cc,4.0,4.0,,MPi,Petrol,Smartstream G1.5,BS VI 2.0,,2WD,Manual,113.42 bhp
999 cc,3.0,4.0,,TSI,Petrol,1.0L TSI,BS VI 2.0,1259 kg,FWD,Automatic,114 bhp
999 cc,3.0,4.0,,,Petrol,1.0 TSI Petrol,BS VI 2.0,1160-1216 kg,FWD,Manual,114 bhp
998 cc,3.0,4.0,,GDi,Petrol,Smartstream G1.0 T-GDi,BS VI,1505 kg,FWD,Automatic,118.36 bhp
999 cc,3.0,4.0,,Direct Injection,Petrol,1.0 L TSI Petrol,BS VI,1210-1240 kg,FWD,Automatic,113.98 bhp
1349 cc,3.0,4.0,,,Petrol,220TURBO,BS VI,1500 kg,,Automatic,138.08 bhp
2987 cc,6.0,4.0,DOHC,Direct Injection,Diesel,V-Type Diesel Engine,Euro VI,2132 kg,RWD,Automatic,254.79 bhp
1997 cc,4.0,4.0,DOHC,CRDI,Petrol,TD4 Diesel Engine,,1874 kg,AWD,Automatic,247 bhp
2393 cc,4.0,4.0,DOHC,CRDi,Diesel,2.4L Diesel Engine,BS VI,1885 kg,RWD,Manual,148 bhp
2198 cc,4.0,4.0,,CRDi,Diesel,2.2 L Turbo Diesel,BS VI,1890 kg,FWD,Automatic,182.38 bhp
2198 cc,4.0,4.0,,,Diesel,mHAWK,BS VI 2.0,,FWD,Automatic,182 bhp
1956 cc,4.0,4.0,,,Diesel,2.0 L Multijet II Diesel,BS VI 2.0,,4WD,Automatic,168 bhp
2198 cc,4.0,4.0,,,Diesel,mHawk (CRDi),BS VI 2.0,,4WD,Automatic,172.45 bhp
1969 cc,4.0,4.0,,CRDi,Diesel,D4 Diesel Engine,BS IV,2962 kg,FWD,Automatic,190 bhp
3198 cc,4.0,4.0,DOHC,TDCi,Diesel,Diesel Engine,BS IV,1879 kg,4WD,Automatic,197 bhp
2694 cc,4.0,4.0,DOHC,,Petrol,2.7 L Dual VVT,BS VI,1730 kg,RWD,Manual,163.60 bhp
2993 cc,6.0,4.0,,CRDi,Diesel,TwinPower Turbo Inline 6 Cylinder Engine,BS VI,1715 kg,RWD,Automatic,261.49 bhp
2393 cc,4.0,4.0,DOHC,CRDi,Diesel,2-GD FTV Engine,BS VI,1920 kg,RWD,Manual,147.51 bhp
1353 cc,4.0,4.0,DOHC,GDi,Petrol,1.4 L Turbo GDi Petrol,BS VI,1475 kg,,Automatic,138.12 bhp
1199 cc,3.0,4.0,,,Petrol,1.2 L Revotron,BS VI,1177 kg,,Automatic,86.83 bhp
1950 cc,4.0,4.0,,,Diesel,,BS VI,1675 kg,AWD,Automatic,187.74 bhp
2755 cc,4.0,4.0,DOHC,Direct Injection,Diesel,2.8 L Diesel engine,BS VI 2.0,,2WD,Manual,201.15 bhp
2755 cc,4.0,4.0,DOHC,Direct Injection,Diesel,1-GD FTV Engine,BS IV,2360 kg,RWD,Manual,174.5 bhp
999 cc,3.0,4.0,DOHC,TSI,Petrol,1.0L TSI Petrol,BS VI,1093 kg,FWD,Automatic,108.62 bhp
2393 cc,4.0,4.0,DOHC,CRDi,Diesel,2.4L Diesel Engine,BS VI,1920 kg,RWD,Automatic,148 bhp
1582 cc,4.0,4.0,DOHC,CRDi,Diesel,U2 VGT Diesel Engine,BS IV,1275 kg,FWD,Manual,126.2 bhp
1199 cc,4.0,4.0,SOHC,PGM - Fi,Petrol,i-VTEC Petrol Engine,BS IV,1064 kg,FWD,Automatic,88.7 bhp
799 cc,3.0,4.0,,,Petrol,0.8 SCe,BS VI,690 kg,,Manual,53.26 bhp
1462 cc,4.0,4.0,,,Petrol,K15C Smart Hybrid,BS VI,1150-1205 kg,2WD,Manual,101.65 bhp
999 cc,3.0,4.0,,,Petrol,1.0 SCe,BS VI,699 kg,,Automatic,67.06 bhp
1197 cc,4.0,4.0,,Dual Jet VVT,Petrol,Advanced K Series,BS VI 2.0,875-905 kg,FWD,Manual,88.50 bhp
1997 cc,4.0,4.0,DOHC,Direct Injection,Diesel,mHawk Diesel Engine,BS IV,1980 kg,FWD,Automatic,140 bhp
799 cc,3.0,4.0,DOHC,MPFi,Petrol,0.8L Petrol Engine,BS IV,730 kg,2WD,Manual,53.64 bhp
1194 cc,3.0,4.0,DOHC,Direct Injection,Petrol,Ti-VCT Petrol Engine,BS IV,980 kg,FWD,Manual,94.93 bhp
1197 cc,4.0,4.0,DOHC,MPFI,Petrol,Kappa Petrol Engine,BSIV,930 kg,FWD,Manual,78.9 bhp
1198 cc,4.0,4.0,SOHC,PGM - Fi,Petrol,i-VTEC Engine,BSIV,925 kg,FWD,Manual,86.8 bhp
1197 cc,4.0,4.0,DOHC,MPFI,Petrol,Kappa VTVT Petrol Engine,BSIV,1060 kg,FWD,Manual,82.85 bhp
1198 cc,3.0,4.0,DOHC,Electronic Injection System,Petrol,Petrol Engine,BS IV,1070 kg,FWD,Manual,67 bhp
1396 cc,4.0,4.0,DOHC,CRDI,Diesel,U2 CRDI Diesel Engine,BSIV,1140 kg,FWD,Manual,88.76 bhp
1120 cc,3.0,4.0,DOHC,CRDi,Diesel,U2 CRDi  Diesel Engine,BS IV,1025 kg,FWD,Manual,70 bhp
1197 cc,4.0,4.0,DOHC,EFI,Petrol,Petrol Engine,BS IV,930 kg,FWD,Manual,78.9 bhp
796 cc,3.0,4.0,DOHC,MPFi,Petrol,F8D Petrol Engine,BS IV,755 kg,FWD,Manual,47.3 bhp
1199 cc,4.0,4.0,DOHC,MPFI,Petrol,SMARTECH Petrol Engine,BS IV,1065 kg,FWD,Manual,82.5 bhp
1396 cc,4.0,4.0,DOHC,CRDI,Diesel,Diesel,"BS III, BS IV (For Metro Cities)",1120 kg,,Manual,
1461 cc,4.0,2.0,SOHC,Common Rail Injection,Diesel,K9K In-Line Diesel Engine,BS IV,1080 kg,FWD,Manual,63.12 bhp
1196 cc,4.0,4.0,DOHC,SEFI,Petrol,Petrol Engine,BS IV,1090 kg,Front Wheel Drive,Manual,70 bhp
1172 cc,4.0,2.0,SOHC,MPFi,Petrol,FIRE Engine,,1090 kg,FWD,Manual,67 bhp
2198 cc,4.0,4.0,DOHC,TDCi,Diesel,TDCI Diesel Engine,BS IV,2238 kg,RWD,Automatic,158.2 bhp
2996 cc,6.0,4.0,,,Petrol,V6 bi-turbo engine,BS VI,1725 kg,,Automatic,
1984 cc,4.0,4.0,,,Petrol,2.0 L Turbocharged Petrol Engine,BS VI,1793 kg,4WD,Automatic,187.74 bhp
3198 cc,4.0,4.0,DOHC,TDCi,Diesel,TDCI Diesel Engine,BS IV,2394 kg,4WD,Automatic,197 bhp
,4.0,4.0,,,Petrol,,,1120 kg,,Manual,
1497 cc,4.0,4.0,SOHC,PGM-Fi,Petrol,i VTEC Engine,BS IV,1085 kg,FWD,Automatic,117.3 bhp
1197 cc,4.0,4.0,DOHC,MPFI,CNG,Kappa VTVT Petrol Engine,BS IV,935 kg,FWD,Automatic,82 bhp
1598 cc,4.0,4.0,DOHC,MPFI,Petrol,In Line Petrol Engine,BS IV,1121 kg,FWD,Manual,103.6 bhp
1197 cc,4.0,4.0,DOHC,EFI,Petrol,Petrol Engine,BS IV,915 kg,FWD,Manual,78.9 bhp
1248 cc,4.0,4.0,DOHC,CRDI,Diesel,DDIS 200 Engine,,1065 kg,,Manual,88.5 bhp
1498 cc,4.0,4.0,SOHC,Common Rail,Diesel,TDCi Diesel Engine,BS IV,1020 kg,FWD,Manual,99.23 bhp
1798 cc,4.0,4.0,DOHC,Direct Injection,Petrol,Petrol Engine,BS IV,1376 kg,FWD,Automatic,177.5 bhp
1497 cc,4.0,4.0,SOHC,,Petrol,i-VTEC Petrol Engine,BS IV,1235 kg,FWD,Manual,117.3 bhp
1497 cc,4.0,4.0,SOHC,PGM-Fi,Petrol,i VTEC Engine,BS IV,1065 kg,FWD,Manual,117.3 bhp
1197 cc,4.0,4.0,,,Petrol,1.2 Kappa petrol,BS VI,1140 kg,,Automatic,81.86 bhp
1197 cc,4.0,4.0,DOHC,Direct Injection,Petrol,Kappa VTVT Petrol Engine,BSIV,1180 kg,FWD,Manual,81.86 bhp
1199 cc,4.0,4.0,,,Petrol,1.2L i-VTEC,BS VI 2.0,952-986 kg,FWD,Manual,89 bhp
1197 cc,4.0,4.0,DOHC,MPFI,Petrol,K Series Petrol Engine,BS IV,1015 kg,FWD,Manual,85.80 bhp
1498 cc,4.0,4.0,DOHC,CRDi,Diesel,i-DTEC Diesel Engine,BS IV,1021 kg,FWD,Manual,98.63 bhp
1197 cc,4.0,4.0,,,Petrol,,BS VI,880-915 kg,,Manual,88.50 bhp
1968 cc,4.0,4.0,,CRDi,Diesel,Turbocharged Diesel Engin,BS IV,1445 kg,FWD,Manual,138.1 bhp
1248 cc,4.0,4.0,DOHC,CRDI,Diesel,DDiS Diesel Engine,,955-990 kg,FWD,Automatic,74.02 bhp
1197 cc,4.0,4.0,DOHC,Direct Injection,Petrol,Kappa VTVT Petrol Engine,BS IV,1180 kg,FWD,Automatic,82 bhp
1248 cc,4.0,4.0,DOHC,CRDI,Diesel,DDIS Diesel Engine,BS IV,1135 kg,FWD,Manual,88.5 bhp
998 cc,3.0,4.0,,,Petrol,K10C,BS VI 2.0,820 kg,FWD,Automatic,67.77 bhp
1197 cc,4.0,4.0,DOHC,Direct Injection,Petrol,Kappa VTVT Petrol Engine,BS IV,1100 kg,FWD,Manual,82 bhp
1047 cc,3.0,4.0,DOHC,CRDi,Diesel,Revotorq Engine,BS IV,1060 kg,FWD,Manual,69 bhp
1598 cc,4.0,4.0,DOHC,MPFI,Petrol,MPI Petrol Engine,BS IV,1145 kg,FWD,Manual,103.5 bhp
1197 cc,4.0,4.0,,Dual Jet VVT,Petrol,Advanced K Series,BS VI 2.0,875-905 kg,FWD,Automatic,88.50 bhp
998 cc,3.0,4.0,,,Petrol,K10C,BS VI 2.0,810 kg,FWD,Manual,67.77 bhp
1197 cc,4.0,4.0,DOHC,MPFI,Petrol,In-Line Engine,Bharat Stage IV,1100 kg,,Manual,
1497 cc,4.0,4.0,SOHC,EFI (Electronic Fuel Injection),Petrol,In-Line Engine,,1100 kg,FWD,Manual,
2523 cc,4.0,2.0,SOHC,CRDi,Diesel,M2DiCR Diesel Engine,BS IV,1430 kg,RWD,Manual,62.1 bhp
1493 cc,3.0,2.0,,CRDi,Diesel,mHawk 100 Diesel Engine,,1735 kg,RWD,Manual,100 bhp
1490 cc,3.0,4.0,,,Petrol,M15D With Strong Hybrid,BS VI 2.0,1290-1295 kg,FWD,Automatic,91.18 bhp
1956 cc,4.0,4.0,,,Diesel,Kryotec 2.0 L Turbocharged Engine,BS VI 2.0,1825 kg,,Automatic,167.67 bhp
1956 cc,4.0,4.0,,,Diesel,Kryotec 2.0 L Turbocharged Engine,BS VI 2.0,1675 kg,,Automatic,167.67 bhp
1482 cc,4.0,4.0,DOHC,GDi,Petrol,1.5 l Turbo GDi Petrol,BS VI 2.0,,FWD,Manual,157.57 bhp
2393 cc,4.0,4.0,DOHC,CRDi,Diesel,2-GD FTV Engine,BS VI,1840 kg,RWD,Manual,147.51 bhp
2393 cc,7.0,4.0,DOHC,CRDi,Diesel,2-GD FTV Engine,BS VI,1860 kg,RWD,Manual,147.51 bhp
1451 cc,4.0,4.0,,,Petrol,1.5L Turbocharged Intercooled,BS VI 2.0,,FWD,Automatic,141.04 bhp
2179 cc,4.0,4.0,,Direct Injection,Diesel,Diesel Engine,,1780 kg,RWD,Automatic,187.7 bhp
1498 cc,4.0,4.0,,Direct Injection,Petrol,1.5 L TSI Petrol,BS VI 2.0,1246-1277 kg,FWD,Automatic,147.51 bhp
2393 cc,4.0,4.0,DOHC,Direct Injection,Diesel,2-GD FTV Engine,BS IV,1805 kg,RWD,Manual,147.8 bhp
2393 cc,4.0,4.0,DOHC,Direct Injection,Diesel,2-GD FTV Engine,BS IV,1815 kg,RWD,Manual,147.8 bhp
2179 cc,4.0,4.0,,CRDI,Diesel,TD4 Diesel Engine,Euro IV,,4WD,Automatic,147.51 bhp
1498 cc,4.0,4.0,DOHC,TSI,Petrol,1.5 L TSI EVO with ACT,BS VI,1350 kg,FWD,Automatic,147.94 bhp
2143 cc,4.0,4.0,DOHC,CRDi,Diesel,In-Line Engine,Euro V,1655 kg,RWD,Automatic,170 bhp
1461 cc,4.0,4.0,DOHC,CRDi,Diesel,dCi THP Diesel Engine,,1200 kg,FWD,Manual,83.8 bhp
1591 cc,4.0,4.0,DOHC,MPFI,Petrol,VTVT Petrol Engine,BS IV,,FWD,Automatic,121.3 bhp
1197 cc,4.0,4.0,,,Petrol,1.2 L K Series Engine,BS VI 2.0,940-960 kg,FWD,Automatic,88.50 bhp
1248 cc,4.0,4.0,DOHC,CRDi,Diesel,DDiS Diesel Engine,BS IV,960-985 kg,FWD,Manual,74 bhp
1498 cc,4.0,4.0,DOHC,,Diesel,Water Cooled Inline i-DTEC DOHC,BS VI,1191-1217 kg,,Manual,97.89 bhp
1498 cc,4.0,4.0,DOHC,Direct Injection,Diesel,TDI Diesel Engine,BS IV,1153 kg,FWD,Manual,108.5 bhp
1199 cc,4.0,4.0,,,Petrol,i-VTEC,BS VI 2.0,957 kg,FWD,Automatic,88.50 bhp
2179 cc,4.0,4.0,DOHC,Direct Injection,Diesel,mHawk155 Diesel Engine,BS VI,1625 kg,FWD,Manual,152.87 bhp
1199 cc,3.0,4.0,,,Petrol,1.2l Turbocharged Revotron Engine,BS VI,1375 kg,3,Manual,118.36 bhp
1497 cc,4.0,4.0,,,Diesel,1.5L Turbocharged Revotorq,BS VI 2.0,,FWD,Manual,88.76 bhp
1498 cc,4.0,4.0,,CRDi,Diesel,U2 CRDi Diesel,BS VI,1360 kg,FWD,Manual,98.6 bhp
999 cc,3.0,4.0,,MPFi,Petrol,1.0L energy,BS VI 2.0,,FWD,Automatic,71 bhp
1373 cc,4.0,4.0,DOHC,MPFI,Petrol,k14B VVT Engine,BS IV,1030 kg,FWD,Automatic,91.1 bhp
998 cc,3.0,4.0,,GDi,Petrol,Kappa 1.0 L Turbo GDi Petrol,BS VI,1340 kg,FWD,Manual,118.35 bhp
1197 cc,4.0,4.0,,,Petrol,1.2 l Kappa petrol,BS VI,1120 kg,,Manual,81.80 bhp
1197 cc,4.0,4.0,,,Petrol,1.2 Kappa Petrol,BS VI,1148 kg,,Manual,81.80 bhp
1598 cc,4.0,4.0,DOHC,MPFI,Petrol,Petrol Engine,BS IV,1137 kg,FWD,Manual,103.2 bhp
1497 cc,4.0,4.0,SOHC,PGM-Fi,Petrol,i VTEC Engine,BS IV,1049 kg,FWD,Manual,117.3 bhp
1198 cc,3.0,4.0,DOHC,MPFI,Petrol,Revotron 1.2L Turbocharge,BS IV,1252 kg,FWD,Automatic,108.5 bhp
1199 cc,3.0,4.0,,,Petrol,1.2 l Revotron,BS VI,1025 kg,,Manual,86.83 bhp
1199 cc,3.0,4.0,,,Petrol,1.2l Turbocharged Revotron Engine,BS VI,1230 kg,,Manual,118.35 bhp
1197 cc,4.0,4.0,,MPi,Petrol,Smartstream G1.2,BS VI 2.0,,FWD,Manual,81.8 bhp
2179 cc,4.0,4.0,DOHC,Direct Injection,Diesel,mHawk Diesel Engine,BS IV,1785 kg,FWD,Manual,138 bhp
1373 cc,4.0,4.0,DOHC,MPFI,Petrol,K14B Petrol Engine,BS IV,1175 kg,FWD,Manual,91.1 bhp
1197 cc,4.0,4.0,,,Petrol,1.2 Kappa petrol,BS VI,1160 kg,,Manual,81.86 bhp
2179 cc,4.0,4.0,DOHC,Direct Injection,Diesel,mHawk Diesel Engine,BS IV,1960 kg,FWD,Automatic,140 bhp
1598 cc,4.0,4.0,DOHC,MPFI,Petrol,MPI Petrol Engine,BS IV,1145 kg,FWD,Manual,103.2 bhp
1248 cc,4.0,4.0,DOHC,CRDi,Diesel,DDiS 200 Diesel Engine,BS IV,1190 kg,FWD,Manual,88.5 bhp
998 cc,3.0,4.0,,GDi,Petrol,Kappa 1.0 L Turbo GDi Petrol,BS VI,1440 kg,FWD,Automatic,118.35 bhp
999 cc,3.0,4.0,,multi-point fuel injection,Petrol,ENERGY Engine,BS VI 2.0,,FWD,Automatic,71.01 bhp
1199 cc,3.0,4.0,,,Petrol,1.2 l Revotron,BS VI,1030 kg,,Manual,86.83 bhp
1197 cc,4.0,4.0,,MPi,Petrol,1.2 l Kappa,BS VI 2.0,,FWD,Manual,82 bhp
1248 cc,4.0,4.0,DOHC,CRDi,Diesel,DDiS 190 Engine,BS IV,960 kg,FWD,Manual,74 bhp
998 cc,3.0,4.0,,GDi,Petrol,,,1340 kg,FWD,Manual,118.35 bhp
1497 cc,4.0,4.0,SOHC,,Petrol,i-VTEC Petrol Engine,BS IV,1238 kg,FWD,Automatic,117.3 bhp
1197 cc,4.0,4.0,,,CNG,,BS VI,990-995 kg,,Manual,76.43 bhp
1197 cc,4.0,2.0,SOHC,Direct Injection,Petrol,TSI Petrol Engine,BS IV,1179 kg,FWD,Automatic,103.2 bhp
1197 cc,4.0,4.0,,MPI,Petrol,SMARTSTREAM G1.2,BS VI,1192 kg,FWD,Manual,81.86 bhp
1248 cc,4.0,4.0,DOHC,CRDI,Diesel,DDiS Diesel Engine,BS IV,965 kg,FWD,Manual,74 bhp
1199 cc,4.0,4.0,SOHC,MPFi,Petrol,i-VTEC Petrol Engine,BS IV,1103 kg,FWD,Manual,88.7 bhp
999 cc,3.0,4.0,DOHC,MPI,Petrol,1.0L MPI Petrol,BS VI,1030 kg,FWD,Manual,75.10 bhp
1497 cc,4.0,4.0,DOHC,CDI,Diesel,"Revotorq, 1.5L Turbocharg",BS IV,1305 kg,FWD,Automatic,108.5 bhp
1997 cc,4.0,4.0,DOHC,Direct Injection,Diesel,mHawk Diesel Engine,BS IV,1960 kg,FWD,Automatic,140 bhp
998 cc,3.0,4.0,,,Petrol,1.0 l Turbo GDi petrol,BS VI,1260 kg,,Automatic,118.36 bhp
1396 cc,4.0,4.0,DOHC,CRDI,Diesel,U2 CRDI Diesel Engine,BS IV,1515 kg,FWD,Manual,88.73 bhp
1498 cc,4.0,4.0,,,Petrol,VTi-TECH,BS VI 2.0,,FWD,Manual,108.49 bhp
1462 cc,4.0,4.0,,,Petrol,K15B Smart Hybrid,BS VI,1190 kg,FWD,Automatic,103.2 bhp
1968 cc,4.0,4.0,DOHC,CRDi,Diesel,Diesel Engine,BS IV,1439 kg,FWD,Automatic,138.03 bhp
2993 cc,6.0,4.0,DOHC,CRDi,Diesel,Diesel Engine,Euro VI,2060 kg,4WD,Automatic,258 bhp
1950 cc,4.0,4.0,,,Diesel,2.0L OM654 Turbocharged I4,BS VI 2.0,1605 kg,2WD,Automatic,187.74 bhp
2996 cc,4.0,4.0,DOHC,Direct Injection,Petrol,Petrol Engine,,1855 kg,AWD,Automatic,362 bhp
1995 cc,4.0,4.0,,,Diesel,TwinPower Turbo,BS VI 2.0,1640 kg,RWD,Automatic,187.74 bhp
1197 cc,4.0,4.0,DOHC,MPFI,Petrol,Petrol Engine,BSIV,930 kg,FWD,Manual,78.9 bhp
999 cc,3.0,4.0,DOHC,MPFi,Petrol,Petrol Engine,BS VI,725 kg,FWD,Automatic,67 bhp
814 cc,3.0,3.0,SOHC,MPFI,Petrol,Petrol Engine,,840 kg,FWD,Manual,55.2 bhp
1462 cc,4.0,4.0,,,Petrol,K15C Smart Hybrid,BS VI 2.0,1225 kg,FWD,Automatic,101.64 bhp
1498 cc,4.0,4.0,DOHC,CRDI,Diesel,DDIS 200 Smart Hybrid,BS IV,1225 kg,FWD,Manual,93.87 bhp
2179 cc,4.0,4.0,DOHC,Direct Injection,Diesel,mHawk Diesel Engine,BS IV,1675 kg,FWD,Manual,152.87 bhp
1462 cc,4.0,4.0,DOHC,,Petrol,K15B Petrol Engine,BS VI,1110-1130 kg,FWD,Manual,103.26 bhp
1248 cc,4.0,4.0,DOHC,CRDI,Diesel,DDIS 200 Smart Hybrid,BS IV,1245 kg,FWD,Manual,88.50 bhp
2179 cc,4.0,4.0,DOHC,Direct Injection,Diesel,mHawk Diesel Engine,BS IV,2020 kg,FWD,Automatic,140 bhp
1451 cc,4.0,4.0,,,Petrol,1.5 L Turbocharged Intercooled,BS VI,1545 kg,FWD,Manual,141 bhp
999 cc,3.0,4.0,,Direct Injection,Petrol,1.0 L TSI Petrol,BS VI 2.0,1160-1216 kg,FWD,Manual,113.98 bhp
999 cc,3.0,4.0,,TSI,Petrol,1.0L TSI,BS VI,1255 kg,,Manual,113.98 bhp
1498 cc,4.0,4.0,,,Petrol,i-VTEC,BS VI 2.0,1153 kg,FWD,Automatic,119.35 bhp
1498 cc,4.0,4.0,,Direct Injection,Petrol,1.5 L TSI Petrol,BS VI,1278 kg,FWD,Automatic,147.52 bhp
1498 cc,4.0,4.0,,,Petrol,i-VTEC,BS VI 2.0,1213 kg,FWD,Automatic,119 bhp
1498 cc,4.0,4.0,DOHC,,Petrol,Water Cooled Inline i-VTEC DOHC with VTC,BS VI,1107-1153 kg,,Automatic,119.35 bhp
1086 cc,3.0,4.0,SOHC,MPFI,Petrol,Petrol Engine,BSIV,825 kg,FWD,Manual,62.1 bhp
1193 cc,4.0,2.0,SOHC,MPFi,Petrol,Revotron Engine,BS IV,1115 kg,FWD,Manual,88.7 bhp
999 cc,3.0,4.0,DOHC,Multi Point Fuel Injection,Petrol,1.0L Petrol Engine,BS IV,947 kg,FWD,Manual,72 bhp
998 cc,3.0,4.0,,,Petrol,Kappa 1.0 l turbo GDi,BS VI 2.0,,FWD,Automatic,118.41 bhp
998 cc,3.0,4.0,DOHC,MPFi,Petrol,K10B Engine,BS IV,835 kg,FWD,Manual,67.04 bhp
1248 cc,4.0,4.0,DOHC,,Diesel,DDiS 200 Diesel Engine,BS IV,1230 kg,FWD,Manual,88.5 bhp
999 cc,3.0,4.0,DOHC,Direct Injection,Petrol,Ecoboost Petrol Engine,BS IV,1290 kg,FWD,Manual,123.37 bhp
1461 cc,4.0,4.0,DOHC,CRDi,Diesel,K9K Diesel Engine,BS IV,1330 kg,FWD,Manual,83.8 bhp
998 cc,3.0,4.0,DOHC,MPFi,Petrol,K Series Petrol Engine,BS IV,784 kg,FWD,Manual,67.05 bhp
998 cc,3.0,4.0,DOHC,,Petrol,K10B Petrol Engine,BS IV,895 kg,FWD,Automatic,67 bhp
1995 cc,4.0,4.0,DOHC,CRDi,Diesel,dCi Diesel Engine,BS IV,1750 kg,4WD,Manual,170.6 bhp
1197 cc,4.0,4.0,DOHC,Direct Injection,Petrol,TSI Petrol Engine,BS IV,1174 kg,FWD,Automatic,103.2 bhp
1498 cc,4.0,4.0,DOHC,CRDI,Diesel,TDI Diesel Engine,BS IV,1216 kg,FWD,Manual,108.6 bhp
998 cc,3.0,4.0,,MPFi,Petrol,K10B Petrol Engine,BS IV,850 kg,FWD,Automatic,67 bhp
1497 cc,4.0,4.0,SOHC,EFI(Electronic Fuel Injection),Petrol,In-Line Engine,,1155 kg,FWD,Automatic,
1598 cc,4.0,4.0,DOHC,MPFI,Petrol,In Line Petrol Engine,BS IV,1180 kg,FWD,Automatic,103.6 bhp
1493 cc,3.0,4.0,,,Diesel,mHAWk100,BS VI 2.0,,RWD,Manual,98.56 bhp
1497 cc,4.0,4.0,,MPI,Petrol,SMARTSTREAM G1.5,BS VI,1485 kg,FWD,Manual,113.43 bhp
1950 cc,4.0,4.0,DOHC,MPFI,Petrol,2L Petrol Engine,BS VI,1655 kg,RWD,Automatic,201.15 bhp
2487 cc,4.0,4.0,,,Petrol,2.5-litre a Hybrid,BS VI 2.0,,AWD,Automatic,190.42 bhp
2143 cc,4.0,4.0,DOHC,CRDi,Diesel,In Line Engine,BS IV,2150 kg,AWD,Automatic,201.15 bhp
2967 cc,4.0,4.0,DOHC,CRDi,Diesel,V-Type Diesel Engine,BS IV,2330 kg,AWD,Automatic,245 bhp
4395 cc,8.0,4.0,DOHC,Direct Injection,Petrol,TwinPower Turbo Engine,Euro VI,2020 kg,RWD,Automatic,558 bhp
2198 cc,4.0,4.0,,,Diesel,mHawk (CRDi),BS VI 2.0,,RWD,Automatic,172.45 bhp
1956 cc,4.0,4.0,,,Diesel,Kryotec 2.0 L Turbocharged Engine,BS VI,1825 kg,,Automatic,167.67 bhp
1482 cc,4.0,4.0,,GDi,Petrol,SmartStream G1.5 T-GDi,BS VI 2.0,,2WD,Automatic,157.81 bhp
1490 cc,3.0,4.0,,,Petrol,,BS VI,1290 - 1295 kg,2WD,Automatic,91.18 bhp
999 cc,3.0,4.0,,TSI,Petrol,1.0L TSI,BS VI 2.0,1285 kg,FWD,Automatic,114 bhp
1999 cc,4.0,4.0,DOHC,CRDi,Diesel,TD4 Diesel Engine,,1775 kg,4WD,Automatic,148.31 bhp
2967 cc,6.0,4.0,DOHC,CRDI,Diesel,V-Type Diesel Engine,Euro V,2345 kg,AWD,Automatic,241.4 bhp
2755 cc,4.0,4.0,DOHC,Direct Injection,Diesel,1-GD FTV Engine,BS IV,1830 kg,RWD,Automatic,171.5 bhp
2393 cc,4.0,4.0,DOHC,Direct Injection,Diesel,2-GD FTV Engine,BS IV,1855 kg,RWD,Manual,147.8 bhp
2143 cc,4.0,4.0,DOHC,CRDI,Diesel,In-Line Diesel Engine,BS IV,1800 kg,RWD,Automatic,204 bhp
1999 cc,4.0,4.0,,TGDi,Petrol,2.0L Turbo Petrol,BS VI,1855 kg,FWD,Manual,197.13 bhp
2198 cc,4.0,4.0,,,Diesel,mHawk,BS VI 2.0,,FWD,Manual,182 bhp
1950 cc,4.0,4.0,DOHC,CRDi,Diesel,In-Line Engine,BS VI,1655 kg,RWD,Automatic,194 bhp
2694 cc,4.0,4.0,DOHC,,Petrol,2.7 L Dual VVT,BS VI,1790 kg,RWD,Automatic,163.60 bhp
998 cc,3.0,4.0,,MPFI,Petrol,K Series Petrol Engine,BS IV,885 kg,FWD,Manual,67.1 bhp
1497 cc,4.0,4.0,SOHC,EFI (Electronic Fuel Injection),Petrol,SOHC i-VTEC,BSIV,1100 kg,FWD,Manual,116.4 bhp
1198 cc,4.0,4.0,SOHC,PGM - Fi,Petrol,i-VTEC Engine,BSIV,915 kg,FWD,Manual,86.8 bhp
1199 cc,3.0,4.0,DOHC,MPFi,Petrol,Revotron Engine,BS IV,980 kg,FWD,Automatic,84 bhp
1984 cc,4.0,4.0,,,Petrol,40 TFSI quattro S tronic,BS VI 2.0,1700 kg,AWD,Automatic,187.74 bhp
1991 cc,4.0,4.0,,EFI,Petrol,M 264 petrol engine,BS VI,1585 kg,AWD,Automatic,197 bhp
1995 cc,4.0,4.0,,,Diesel,2.0l 4Cylinder twin turbo,BS VI 2.0,1865 kg,4WD,Automatic,187.74 bhp
1998 cc,4.0,4.0,,,Petrol,TwinPower Turbo,BS VI 2.0,1645 kg,RWD,Automatic,254.79 bhp
1186 cc,3.0,4.0,DOHC,CRDi,Diesel,U2 CRDi  Diesel Engine,,1100 kg,FWD,Manual,73.97 bhp
1197 cc,4.0,4.0,DOHC,MPFI,Petrol,VVT Petrol Engine,,935 kg,FWD,Automatic,83.1 bhp
1198 cc,3.0,4.0,,MPFI,Petrol,In-Line Petrol Engine,BS IV,1055 kg,FWD,Manual,73.9 bhp
1198 cc,3.0,4.0,,MPFI,Petrol,In-Line Engine,BS IV,1030 kg,FWD,Manual,73.9 bhp
1197 cc,4.0,4.0,DOHC,MPFI,Petrol,VVT Petrol Engine,BS IV,865 kg,FWD,Manual,83.1 bhp
1461 cc,4.0,2.0,SOHC,CRDi,Diesel,dCi In-Line Diesel Engine,BS IV,1080 kg,FWD,Manual,63.1 bhp
1598 cc,4.0,4.0,DOHC,MPFI,Petrol,In-Line Petrol Engine,BS IV,1145 kg,FWD,Manual,103.6 bhp
1198 cc,3.0,4.0,DOHC,MPFI,Petrol,MPI Petrol Engine,BS IV,1053 kg,FWD,Manual,74 bhp
1197 cc,4.0,4.0,DOHC,MPFi,Petrol,VTVT Engine,BS VI,855-885 kg,FWD,Manual,81.80 bhp
1248 cc,4.0,4.0,DOHC,CRDi,Diesel,DDiS Diesel Engine,BS IV,985 kg,FWD,Manual,74 bhp
1197 cc,4.0,4.0,DOHC,MPFI,Petrol,VVT Petrol Engine,,890 kg,FWD,Manual,83.1 bhp
1199 cc,3.0,4.0,DOHC,MPFI,Petrol,MPI Petrol Engine,BS IV,1044 kg,FWD,Manual,74 bhp
1197 cc,4.0,4.0,DOHC,EFI(Electronic Fuel Injection),Petrol,Petrol Engine,BS IV,930 kg,FWD,Manual,78.9 bhp
1497 cc,4.0,4.0,SOHC,PGM-Fi,Petrol,i VTEC Engine,BS IV,1042 kg,FWD,Manual,117.3 bhp
1197 cc,4.0,4.0,DOHC,MPFI,Petrol,Kappa VTVT Petrol Engine,,1100 kg,FWD,Automatic,81.86 bhp
1199 cc,3.0,4.0,,,Petrol,1.2L Revotron Engine,BS VI,1032 kg,,Automatic,84.82 bhp
999 cc,3.0,4.0,DOHC,MPFI,Petrol,MPI Petrol Engine,BS IV,1044 kg,FWD,Manual,75 bhp
1493 cc,3.0,2.0,,CRDi,Diesel,mHawk 80 Diesel Engine,,1765 kg,RWD,Automatic,100 bhp
1598 cc,4.0,4.0,DOHC,Direct Injection,Diesel,Turbocharged Diesel Engin,BS IV,1205 kg,FWD,Manual,103.5 bhp
998 cc,3.0,4.0,,,Petrol,K10C,BS VI,810-835 kg,,Manual,65.71 bhp
1498 cc,4.0,4.0,DOHC,Direct Injection,Diesel,Diesel Engine,BS IV,1206 kg,FWD,Manual,103.52 bhp
1248 cc,4.0,4.0,DOHC,Direct Injection,Diesel,MULTIJET Engine,,1130 kg,FWD,Manual,75 bhp
1198 cc,3.0,4.0,,MPFI,Petrol,In-Lie Petrol Engine,BS IV,1055 kg,FWD,Manual,73.9 bhp
998 cc,3.0,4.0,,,Petrol,K10C,BS VI 2.0,,FWD,Manual,65.71 bhp
1498 cc,4.0,4.0,DOHC,,Diesel,i-DTEC Diesel Engine,BS IV,1060 kg,FWD,Manual,98.6 bhp
1364 cc,4.0,4.0,SOHC,Common Rail,Diesel,SOHC D-4D Diesel Engine,BS IV,1340 kg,FWD,Manual,87.2 bhp
1498 cc,4.0,2.0,SOHC,Common Rail,Diesel,TDCi Diesel Engine,BS IV,1040-1130 kg,FWD,Manual,99 bhp
1598 cc,4.0,4.0,,MPFI,Petrol,In-Line Engine,,1240 kg,,Manual,103.5 bhp
1248 cc,4.0,4.0,DOHC,CRDI,Diesel,DDiS Diesel Engine,BS IV,1235 kg,FWD,Manual,88.76 bhp
1598 cc,4.0,4.0,,MPFI,Petrol,In-Line Engine,,1055 kg,,Manual,103.5 bhp
1248 cc,4.0,4.0,DOHC,CRDi,Diesel,DDiS Diesel Engine,BS IV,970 kg,FWD,Manual,74 bhp
1197 cc,4.0,4.0,DOHC,MPFI,Petrol,VVT Petrol Engine,BS IV,870 kg,FWD,Manual,83.1 bhp
1499 cc,4.0,4.0,DOHC,Direct Injection,Petrol,Ti-VCT Petrol Engine,BS IV,1250 kg,FWD,Automatic,110.4 bhp
1086 cc,4.0,3.0,DOHC,MPFI,Petrol,1.1 litre Petrol Engine,BS IV,1050 kg,FWD,Automatic,68 bhp
1497 cc,4.0,4.0,SOHC,EFI(Electronic Fuel Injection),Petrol,In-Line Engine,,1100 kg,FWD,Manual,
1399 cc,4.0,2.0,SOHC,Common Rail,Diesel,Duratorq Diesel Engine,BS IV,1105 kg,FWD,Manual,68.1 bhp
1598 cc,4.0,4.0,DOHC,MPFI,Petrol,Petrol Engine,BS IV,1145 kg,FWD,Manual,103.52 bhp
999 cc,3.0,4.0,SOHC,MPFi,Petrol,B4D 1.0 NA PETROL,BS VI,939 kg,,Manual,71.02 bhp
1493 cc,4.0,4.0,DOHC,Common rail direct injection,Diesel,1.5 l diesel CRDi engine,BS VI,1645 kg,,Manual,113.98 bhp
999 cc,3.0,4.0,,,Petrol,1.0L HRAO,BS VI 2.0,,FWD,Automatic,98.63 bhp
1451 cc,4.0,4.0,,,Petrol,1.5L Turbocharged Intercooled,BS VI,1775 kg,,Manual,141 bhp
999 cc,3.0,4.0,,Direct Injection,Petrol,1.0 L TSI Petrol,BS VI 2.0,1219-1252 kg,FWD,Automatic,113.98 bhp
1373 cc,4.0,4.0,DOHC,MPFI,Petrol,K Series Petrol Engine,BS IV,1160 kg,FWD,Manual,93.7 bhp
1461 cc,4.0,4.0,DOHC,CRDi,Diesel,dCi THP Diesel Engine,,1250 kg,FWD,Manual,108.45 bhp
1462 cc,4.0,4.0,,,Petrol,K15C Smart Hybrid,BS VI 2.0,1150-1205 kg,FWD,Automatic,101.64 bhp
1199 cc,4.0,4.0,SOHC,,Petrol,1.2 i-VTEC,BS VI,1085 kg,,Automatic,88.50 bhp
1197 cc,4.0,4.0,DOHC,MPFi,Petrol,VTVT Engine,BS VI,855-885 kg,FWD,Automatic,81.80 bhp
2179 cc,4.0,4.0,DOHC,Direct Injection,Diesel,mHawk Diesel Engine,BS IV,1900 kg,FWD,Manual,140 bhp
1497 cc,4.0,4.0,DOHC,CRDi,Diesel,1.5L Turbo Diesel,BS VI,1465 kg,FWD,Manual,115 bhp
999 cc,3.0,4.0,,MPFi,Petrol,1.0L Energy,BS VI 2.0,,FWD,Manual,71 bhp
999 cc,3.0,4.0,SOHC,TSI,Petrol,TSI Petrol Engine,BS VI,1138 kg,FWD,Manual,108.62 bhp
998 cc,3.0,4.0,,GDi,Petrol,,,1440 kg,FWD,Automatic,118.35 bhp
1498 cc,4.0,4.0,DOHC,Direct Injection,Diesel,i DTEC Diesel Engine,BS IV,1175 kg,FWD,Manual,97.9 bhp
1199 cc,3.0,4.0,,,Petrol,PURETECH 110,BS VI 2.0,1267-1275 kg,FWD,Manual,108.62 bhp
1896 cc,4.0,4.0,,,Diesel,In-Line Engine,,1459 kg,,Automatic,
2179 cc,4.0,4.0,DOHC,Direct Injection,Diesel,mHawk Diesel Engine,BS IV,1840 kg,FWD,Manual,140 bhp
2494 cc,4.0,4.0,DOHC,Electronic Fuel Injection(EFI),Petrol,2AR FXE Petrol Engine,BSIV,1625 kg,FWD,Automatic,158.2 bhp
1497 cc,4.0,4.0,,,Diesel,1.5l Turbocharged Revotorq,BS VI,1250 kg,,Manual,113.42 bhp
1498 cc,4.0,4.0,DOHC,Direct Injection,Diesel,TDI Diesel Engine,BS IV,1163 kg,FWD,Manual,88 bhp
1197 cc,4.0,4.0,,,Petrol,1.2 L K Series Engine,BS VI 2.0,925-955 kg,FWD,Manual,88.50 bhp
1197 cc,3.0,4.0,,MPFi,Petrol,TCMPFi,BS VI 2.0,,FWD,Manual,108.62 bhp
1197 cc,4.0,4.0,,,Petrol,K Series Dual jet,BS VI,875-905 kg,,Automatic,88.50 bhp
1497 cc,3.0,4.0,DOHC,Direct Injection,Petrol,Ti-VCT Petrol Engine,BS IV,1320 kg,FWD,Automatic,121.36 bhp
2179 cc,4.0,4.0,DOHC,Direct Injection,Diesel,mHawk Diesel Engine,BS IV,1825 kg,FWD,Automatic,152.87 bhp
1497 cc,4.0,4.0,SOHC,PGM-Fi,Petrol,i VTEC Engine,BS VI,1080 kg,FWD,Automatic,117.6 bhp
999 cc,3.0,4.0,,Direct Injection,Petrol,1.0 L TSI Petrol,BS VI,1160-1215 kg,FWD,Manual,113.98 bhp
1199 cc,3.0,4.0,,,Petrol,1.2l Turbocharged Revotron Engine,BS VI,1375 kg,,Manual,118.36 bhp
999 cc,3.0,4.0,DOHC,TSI,Petrol,1.0L TSI Petrol,BS VI,1072 kg,FWD,Manual,108.62 bhp
1197 cc,4.0,4.0,DOHC,MPFI,Petrol,1.2L VVT Engine,BS VI,910-935 kg,FWD,Automatic,81.80 bhp
1497 cc,4.0,4.0,SOHC,PGM-Fi,Petrol,i VTEC Engine,BS IV,1080 kg,FWD,Automatic,117.6 bhp
1498 cc,4.0,4.0,DOHC,Multi Point Fuel Injection,Petrol,1.5L Petrol,BS VI,1315 kg,FWD,Manual,104.55 bhp
1248 cc,4.0,4.0,DOHC,CRDi,Diesel,DDiS 200 Diesel Engine,BS IV,1195 kg,FWD,Automatic,88.5 bhp
1199 cc,4.0,4.0,SOHC,,Petrol,i-VTEC,BS VI,945-957 kg,,Automatic,88.50 bhp
2198 cc,4.0,4.0,,,Diesel,mHawk,BS VI 2.0,,FWD,Automatic,182 bhp
1969 cc,4.0,4.0,,,Petrol,2.0 litre petrol Engine,BS VI,1640 kg,FWD,Automatic,187.40 bhp
1995 cc,4.0,4.0,DOHC,CRDi,Diesel,Diesel Engine,BS IV,1550 kg,FWD,Automatic,188 bhp
1482 cc,4.0,4.0,,GDi,Petrol,Smartstream G1.5 T-GDi,BS VI 2.0,,2WD,Automatic,157.81 bhp
1493 cc,4.0,4.0,DOHC,CRDi,Diesel,1.5 L U2 CRDi Diesel,BS VI 2.0,1565 kg,2WD,Manual,113.45 bhp
1999 cc,4.0,4.0,,,Petrol,mStallion,BS VI 2.0,,FWD,Manual,197 bhp
999 cc,3.0,4.0,,,Petrol,1.0 TSI Petrol,BS VI 2.0,1219-1252 kg,FWD,Automatic,114 bhp
1969 cc,4.0,4.0,DOHC,CRDI,Diesel,Turbo Diesel Engine,Euro VI,1652 kg,FWD,Automatic,190 bhp
1493 cc,4.0,4.0,DOHC,CRDi,Diesel,1.5 L U2 CRDi Diesel,BS VI 2.0,1505 kg,2WD,Manual,113.98 bhp
1493 cc,4.0,4.0,DOHC,CRDi,Diesel,1.5 L U2 CRDi Diesel,BS VI,1565 kg,,Manual,113.45 bhp
1950 cc,4.0,4.0,,,Diesel,OM 651 DE 22 LA,BS VI 2.0,1570 kg,AWD,Automatic,187.74 bhp
2755 cc,4.0,4.0,DOHC,Direct Injection,Diesel,2.8 L Diesel engine,BS VI 2.0,,2WD,Automatic,201.15 bhp
2996 cc,6.0,4.0,,,Petrol,3.0-LITRE V6 BITURBO ENGINE,BS VI,1945 kg,,Automatic,384.87 bhp
2925 cc,6.0,4.0,,,Diesel,3.0-litre diesel,BS VI,2505 kg,AWD,Automatic,325.86 bhp
1998 cc,4.0,4.0,DOHC,Direct Injection,Petrol,TwinPower Turbo 4 Cylinder Petrol Engine,BS VI,"1,520 kg",RWD,Automatic,254.79 bhp
1993 cc,4.0,4.0,,,Diesel,OM654 Turbocharged I4,BS VI 2.0,,AWD,Automatic,265.52 bhp
2925 cc,6.0,4.0,DOHC,CRDI,Diesel,V Type Engine,BS VI,2150 kg,AWD,Automatic,325.8 bhp
2925 cc,6.0,4.0,,,Diesel,,BS VI 2.0,,AWD,Automatic,362.07 bhp
1198 cc,3.0,4.0,DOHC,CRDi,Diesel,mFALCON D75 Engine,BS IV,1095 kg,FWD,Manual,77 bhp
1199 cc,4.0,4.0,SOHC,MPFi,Petrol,i-VTEC Petrol Engine,BS VI,905 kg,FWD,Manual,88.76 bhp
1198 cc,3.0,4.0,DOHC,MPFI,Petrol,mFALCON G80 Engine,BS IV,935 kg,FWD,Manual,82 bhp
998 cc,3.0,4.0,DOHC,,CNG,K10B Engine,BS IV,960 kg,FWD,Manual,58.16 bhp
2998 cc,6.0,4.0,DOHC,CRDI,Petrol,TwinPower Turbo 6-cylinder engine,BS VI,2370 kg,AWD,Automatic,335.25 bhp
1997 cc,4.0,4.0,,,Diesel,TD4  Engine,BS VI 2.0,2003 kg,AWD,Automatic,201.15 bhp
2755 cc,4.0,4.0,DOHC,Direct Injection,Diesel,2.8 L Diesel engine,BS VI,2300 kg,4WD,Manual,201.15 bhp
1968 cc,4.0,4.0,DOHC,CRDI,Diesel,In Line Diesel Engine,Euro V,1735 kg,FWD,Automatic,187.74 bhp
2199 cc,4.0,4.0,,CRDi,Diesel,D2.2L VGT Diesel,BS VI,2270 kg,2WD,Automatic,197.26 bhp
1197 cc,4.0,4.0,,,Petrol,1.2 l Kappa petrol,BS VI,1170 kg,,Manual,81.80 bhp
2143 cc,4.0,4.0,DOHC,CRDi,Diesel,In-Line Engine,Euro V,1650 kg,RWD,Automatic,201.15 bhp
1493 cc,4.0,4.0,,DHOC,Diesel,1.5 U2 CRDi Diesel,BS VI 2.0,,FWD,Automatic,114 bhp
2400 cc,5.0,4.0,,CRDi,Diesel,Twin Turbo Diesel Engine,Euro V,2150 kg,AWD,Manual,200 bhp
2184 cc,4.0,4.0,,,Diesel,mHawk 130 CRDe,BS VI 2.0,,4WD,Automatic,130.07 bhp
2198 cc,4.0,4.0,,,Diesel,mHAWK,BS VI 2.0,,FWD,Manual,182 bhp
1796 cc,4.0,4.0,,,Petrol,In-Line Engine,,1585 kg,RWD,Automatic,186 bhp
1197 cc,4.0,4.0,DOHC,MPFI,Petrol,K Series VVT Engine,BS VI,870 kg,,Manual,81.80 bhp
1248 cc,4.0,4.0,DOHC,CRDI,Diesel,DDiS Diesel Engine,BS IV,955 kg,FWD,Manual,74 bhp
1498 cc,4.0,4.0,DOHC,Direct Injection,Diesel,Diesel Engine,BS IV,1182 kg,FWD,Automatic,103.52 bhp
1499 cc,4.0,4.0,DOHC,Direct Injection,Petrol,Ti-VCT Petrol Engine,BS IV,1040-1130 kg,FWD,Automatic,110.4 bhp
1197 cc,4.0,4.0,DOHC,MPFI,Petrol,K Series Petrol Engine,BS IV,970 kg,FWD,Manual,85.8 bhp
999 cc,3.0,4.0,DOHC,MPFi,Petrol,Petrol Engine,,710 kg,FWD,Automatic,67 bhp
1197 cc,4.0,4.0,DOHC,MPFI,Petrol,K Series VVT Engine,BS IV,865 kg,FWD,Manual,81.80 bhp
1197 cc,4.0,4.0,DOHC,MPFI,Petrol,VVT Petrol Engine,,910 kg,FWD,Automatic,83.1 bhp
1498 cc,4.0,4.0,DOHC,MPFI,Petrol,XH2 Petrol Engine,BS IV,1005 kg,FWD,Manual,97.6 bhp
1199 cc,3.0,4.0,DOHC,MPFI,Petrol,MPI Petrol Engine,BS IV,1030 kg,FWD,Manual,74 bhp
1582 cc,4.0,4.0,DOHC,CRDI,Diesel,U2 VGT Diesel Engine,BS IV,1270 kg,FWD,Manual,126.32 bhp
1591 cc,4.0,4.0,DOHC,MPFI,Petrol,VTVT Petrol Engine,BS IV,1270 kg,FWD,Manual,121.4 bhp
1498 cc,4.0,4.0,DOHC,EFIC,Petrol,HR15 Petrol Engine,BS IV,1022 kg,FWD,Manual,97.7 bhp
936 cc,3.0,4.0,DOHC,Direct Injection,Diesel,SMARTECH Diesel Engine,BS IV,1025 kg,FWD,Manual,56.3 bhp
1196 cc,4.0,4.0,,,Petrol,G12B,BS VI,940 kg,,Manual,72.41 bhp
1197 cc,4.0,4.0,DOHC,MPFI,Petrol,1.2L VVT Engine,BS VI,865-890 kg,FWD,Manual,81.80 bhp
1196 cc,4.0,4.0,DOHC,MPFi,Petrol,In-Line Engine,BS IV,928 kg,RWD,Manual,73 bhp
1196 cc,4.0,4.0,DOHC,MPFi,CNG,In-Line Engine,BS IV,1050 kg,RWD,Manual,61.7 bhp
2523 cc,4.0,4.0,,,Diesel,m2DiCR 4 Cyl 2.5L,BS VI 2.0,1620 kg,RWD,Manual,65.03 bhp
796 cc,3.0,4.0,DOHC,CNG,CNG,F8D Engine,BS IV,720 kg,FWD,Manual,47.3 bhp
998 cc,3.0,4.0,,MPFi,Petrol,K10B Petrol Engine,BS IV,835s kg,FWD,Manual,67 bhp
1995 cc,4.0,4.0,DOHC,CRDI,Diesel,e- VGT R 2.0 Diesel,BS IV,1617 kg,4WD,Automatic,182.46 bhp
1498 cc,4.0,4.0,,Direct Injection,Petrol,1.5 L TSI Petrol,BS VI,1258 kg,FWD,Manual,147.52 bhp
,,,,,Electric,,ZEV,,FWD,Automatic,73.75 bhp
1197 cc,4.0,4.0,,MPFI,Petrol,K Series VVT Engine,BS IV,970 kg,FWD,Manual,85.8 bhp
,,,,,Electric,,ZEV,1316 kg,FWD,Automatic,56.21 bhp
1995 cc,4.0,4.0,DOHC,CRDi,Diesel,TwinPower Turbo 4-cylinder engine,BS VI,1690 kg,AWD,Automatic,187.7 bhp
1197 cc,4.0,4.0,DOHC,DEDST,Petrol,Kappa VTVT Petrol Engine,BS IV,935 kg,FWD,Manual,82 bhp
1396 cc,4.0,4.0,DOHC,CRDi,Diesel,U2 CRDI Engine,BS VI,1240 kg,FWD,Manual,88.7 bhp
1461 cc,4.0,4.0,DOHC,CRDI,Diesel,dCi THP Diesel Engine,BS IV,1210 kg,AWD,Manual,108.45 bhp
1462 cc,4.0,4.0,DOHC,MPFI,Petrol,k15B VVT Engine,BS IV,1045 kg,FWD,Manual,103.25 bhp
1497 cc,4.0,4.0,,MPI,Petrol,SMARTSTREAM G1.5,BS VI,1335 kg,FWD,Manual,113.43 bhp
1197 cc,4.0,4.0,SOHC,MPFI,Petrol,1.2-Litre VVT Petrol Engi,BS IV,835 kg,FWD,Manual,81.80 bhp
999 cc,3.0,4.0,DOHC,MPFI,Petrol,MPI Petrol Engine,BS IV,1050 kg,FWD,Manual,75 bhp
1591 cc,4.0,4.0,DOHC,MPFi,Petrol,VTVT Petrol Engine,BS VI,1280 kg,FWD,Manual,121.3 bhp
1248 cc,4.0,4.0,DOHC,CRDi,Diesel,DDiS 200 Diesel Engine,BS IV,1185 kg,FWD,Manual,88.5 bhp
998 cc,3.0,4.0,,,Petrol,K10C,BS VI,736-775 kg,FWD,Manual,65.71 bhp
1199 cc,4.0,4.0,SOHC,MPFi,Petrol,i-VTEC Petrol Engine,BS IV,924 kg,FWD,Manual,88.76 bhp
2179 cc,4.0,4.0,DOHC,CRDi,Diesel,DICOR Engine,BS IV,1850 kg,RWD,Manual,138.03 bhp
1248 cc,4.0,4.0,DOHC,CRDI,Diesel,DDIS 200 Engine,BS IV,1115 kg,FWD,Manual,88.5 bhp
1197 cc,4.0,4.0,SOHC,MPFI,Petrol,1.2-Litre VVT Petrol Engi,BS IV,825 kg,FWD,Manual,81.80 bhp
1199 cc,3.0,4.0,DOHC,MPFi,Petrol,Revotron Engine,,1035-1062 kg,FWD,Manual,83.81 bhp
1197 cc,4.0,4.0,DOHC,MPFI,Petrol,VVT Petrol Engine,BS IV,880 kg,FWD,Manual,83.1 bhp
1086 cc,4.0,3.0,SOHC,MPFI,Petrol,1.1 L Petrol,BS VI,1050 kg,FWD,Manual,68.05 bhp
1197 cc,3.0,4.0,,,Petrol,Z12E,BS VI 2.0,920-960 kg,FWD,Manual,80 bhp
1194 cc,3.0,4.0,DOHC,Direct Injection,Petrol,Ti-VCT Petrol Engine,BS VI,1016-1033 kg,FWD,Manual,94.93 bhp
1198 cc,4.0,4.0,SOHC,MPFi,Petrol,i-VTEC Petrol Engine,BS IV,965 kg,FWD,Manual,86.7 bhp
1497 cc,4.0,4.0,SOHC,PGM-Fi,Petrol,i VTEC Engine,BS VI,1088 kg,FWD,Manual,117.6 bhp
1086 cc,4.0,3.0,DOHC,,CNG,,BS IV,1070 kg,FWD,Manual,58 bhp
999 cc,3.0,4.0,DOHC,Direct Injection,Petrol,1.0L TSI Petrol,BS VI,1112-1138 kg,FWD,Manual,108.62 bhp
1197 cc,4.0,4.0,DOHC,MPFI,Petrol,VTVT Petrol Engine,BS IV,1180 kg,FWD,Manual,81.86 bhp
1497 cc,4.0,4.0,SOHC,PGM-Fi,Petrol,i VTEC Engine,BS IV,1065 kg,FWD,Automatic,117.3 bhp
1197 cc,4.0,4.0,DOHC,MPFI,Petrol,K Series VVT Engine,BS IV,855 kg,FWD,Manual,81.80 bhp
1199 cc,4.0,4.0,,,Petrol,i-VTEC,BS VI 2.0,934 kg,FWD,Manual,88.50 bhp
1197 cc,4.0,4.0,DOHC,MPFI,Petrol,K Series VVT Engine,BS IV,945 kg,FWD,Manual,83.14 bhp
1582 cc,4.0,4.0,DOHC,CRDi,Diesel,VGT Diesel Engine,BS IV,1329 kg,FWD,Automatic,126.24 bhp
1199 cc,3.0,4.0,DOHC,MPFi,Petrol,Revotron Engine,BS IV,980 kg,FWD,Manual,84 bhp
1798 cc,4.0,4.0,DOHC,EFI,Petrol,2ZR-FE Petrol Engine,BS IV,1185 kg,FWD,Automatic,138.03 bhp
1496 cc,4.0,4.0,DOHC,EFI,Petrol,1.5 Dual VVT-i Engine,,1135 kg,FWD,Automatic,105.5 bhp
1497 cc,4.0,4.0,SOHC,PGM-Fi,Petrol,i VTEC Engine,BS IV,1100 kg,FWD,Automatic,117.6 bhp
998 cc,3.0,4.0,,,Petrol,1.0 Turbo GDI,BS VI,1210 kg,,Automatic,118.41 bhp
1462 cc,4.0,4.0,,,Petrol,K15C Smart Hybrid,BS VI,1130 kg,,Manual,101.65 bhp
1582 cc,4.0,4.0,DOHC,CRDi,Diesel,U2 VGT CRDi Diesel Engine,,1200 kg,FWD,Manual,126.2 bhp
2199 cc,4.0,4.0,,CRDi,Diesel,D2.2L VGT Diesel,BS VI,2320 kg,2WD,Automatic,197.26 bhp
1498 cc,4.0,4.0,DOHC,CRDI,Diesel,1.5 litre Diesel Engine,,1072 kg,FWD,Manual,98.63 bhp
1199 cc,3.0,4.0,DOHC,MPFi,Petrol,Revotron Engine,BS IV,1012 kg,FWD,Manual,83.83 bhp
998 cc,3.0,4.0,,,Petrol,1.0 l Turbo GDi petrol,BS VI,1220 kg,,Automatic,118.41 bhp
1197 cc,4.0,4.0,DOHC,MPFI,Petrol,1.2L Kappa Dual VTVT Petr,BS IV,1120 kg,FWD,Manual,81.86 bhp
1496 cc,3.0,4.0,,,Petrol,1.5 L Petrol Engine,BS VI,1221 kg,FWD,Manual,120.69 bhp
1498 cc,4.0,4.0,DOHC,CRDI,Diesel,TDI Diesel Engine,BS IV,1238 kg,FWD,Automatic,108.6 bhp
1496 cc,4.0,4.0,DOHC,EFI,Petrol,1.5 Dual VVT-i Engine,BS VI,1135 kg,FWD,Automatic,105.94 bhp
1199 cc,4.0,4.0,SOHC,PGM - Fi,Petrol,i-VTEC Petrol Engine,BS IV,1062 kg,FWD,Automatic,88.7 bhp
1120 cc,3.0,4.0,DOHC,CRDI,Diesel,U2 CRDI Diesel Engine,BS IV,1120 kg,FWD,Manual,71 bhp
1198 cc,3.0,4.0,DOHC,MPFI,Petrol,mFALCON G80 Engine,BS IV,975 kg,FWD,Manual,82 bhp
1364 cc,4.0,2.0,SOHC,CRDi,Diesel,D-4D Diesel Engine,BS IV,1030 kg,FWD,Manual,67.06 bhp
1591 cc,4.0,4.0,DOHC,MPFI,Petrol,VTVT Petrol Engine,BS IV,1250 kg,FWD,Manual,121.3 bhp
799 cc,3.0,4.0,DOHC,MPFi,Petrol,0.8L Petrol Engine,BS VI,750 kg,FWD,Manual,53.64 bhp
1498 cc,4.0,4.0,DOHC,EFI,Petrol,HR15 Petrol Engine,BS IV,1080 kg,FWD,Manual,97.6 bhp
1198 cc,4.0,4.0,SOHC,PGM - Fi,Petrol,i-VTEC Engine,BS IV,930 kg,FWD,Manual,86.8 bhp
1298 cc,4.0,4.0,SOHC,MPFI,Petrol,In-Line Engine,Bharat Stage IV,1025 kg,2 WD,Manual,85.8 bhp
1197 cc,4.0,4.0,DOHC,Direct Injection,Petrol,Kappa VTVT Petrol Engine,BS IV,1160 kg,FWD,Manual,82 bhp
1582 cc,4.0,4.0,DOHC,CRDi,Diesel,U2 VGT Diesel Engine,BS IV,1255 kg,FWD,Manual,126.2 bhp
1199 cc,4.0,4.0,,,Petrol,1.2L i-VTEC,BS VI 2.0,952-986 kg,FWD,Automatic,89 bhp
1462 cc,4.0,4.0,,,Petrol,K15C With Mild Hybrid System,BS VI 2.0,1185-1210 kg,FWD,Automatic,101.64 bhp
1462 cc,4.0,4.0,DOHC,,Petrol,K15 Smart Hybrid Petrol Engine,BS VI,1110 kg,FWD,Manual,103.25 bhp
1498 cc,4.0,4.0,DOHC,Direct Injection,Diesel,i DTEC Diesel Engine,BS IV,1150 kg,FWD,Manual,98.6 bhp
1493 cc,4.0,4.0,DOHC,Common rail direct injection,Diesel,1.5 l diesel CRDi engine,BS VI,1675 kg,,Automatic,113.98 bhp
1582 cc,4.0,4.0,DOHC,CRDI,Diesel,U2 VGT Diesel Engine,BS IV,1250 kg,FWD,Manual,126.32 bhp
1047 cc,3.0,4.0,DOHC,CRDi,Diesel,Revotorq Engine,BS IV,1050 kg,FWD,Manual,69 bhp
1199 cc,4.0,4.0,SOHC,MPFi,Petrol,i-VTEC Petrol Engine,BS VI,945 kg,FWD,Automatic,88.76 bhp
1248 cc,4.0,4.0,DOHC,CRDi,Diesel,DDiS 200 Diesel Engine,BS IV,1210 kg,FWD,Manual,88.5 bhp
2494 cc,4.0,4.0,DOHC,CRDi,Diesel,2KD-FTV Diesel Engine,BS IV,1675 kg,RWD,Manual,100.6 bhp
1497 cc,4.0,4.0,DOHC,MPi,Petrol,1.5 L MPi Petrol,BS VI,1430 kg,,Manual,113.18 bhp
1497 cc,4.0,4.0,,,Diesel,1.5L Turbocharged Revotorq,BS VI 2.0,,FWD,Automatic,113.31 bhp
1497 cc,4.0,4.0,,,Diesel,1.5 l Turbocharged Revotorq,BS VI,1105 kg,,Manual,88.77 bhp
999 cc,3.0,4.0,DOHC,MPI,Petrol,1.0L MPI Petrol,BS VI,1015 kg,FWD,Manual,75.10 bhp
1197 cc,4.0,4.0,DOHC,Direct Injection,Petrol,Kappa VTVT Petrol Engine,BS IV,1120 kg,FWD,Manual,82 bhp
1197 cc,4.0,4.0,DOHC,MPFI,Petrol,Kappa VTVT Petrol Engine,BS VI,1140 kg,FWD,Manual,81.86 bhp
999 cc,3.0,4.0,DOHC,MPFI,Petrol,MPI Petrol Engine,BS IV,1039 kg,FWD,Manual,75 bhp
1199 cc,4.0,4.0,SOHC,MPFi,Petrol,i-VTEC Petrol Engine,BS VI,917 kg,FWD,Manual,88.76 bhp
1248 cc,4.0,4.0,DOHC,CRDI,Diesel,DDIS 200 Engine,BS IV,1135 kg,FWD,Manual,88.5 bhp
1498 cc,4.0,4.0,DOHC,PGM-FI,Diesel,i-DTEC Engine,BS IV,1246 kg,FWD,Manual,98.6 bhp
796 cc,3.0,4.0,,,Petrol,F8D Petrol Engine,BS VI,755 kg,,Manual,47.33 bhp
1197 cc,4.0,4.0,DOHC,MPFI,Petrol,K Series VVT Engine,BS IV,935 kg,FWD,Manual,83.14 bhp
799 cc,3.0,4.0,DOHC,MPFi,Petrol,0.8L Petrol Engine,BS IV,770 kg,2WD,Manual,53.64 bhp
999 cc,3.0,4.0,DOHC,MPFi,Petrol,Petrol Engine,,765 kg,FWD,Manual,67 bhp
1198 cc,3.0,4.0,DOHC,MPFI,Petrol,mFALCON G80 Engine,BSIV,1115 kg,FWD,Manual,82 bhp
1598 cc,4.0,4.0,DOHC,MPFI,Petrol,In Line Petrol Engine,BS IV,1130 kg,FWD,Manual,103.6 bhp
1364 cc,4.0,2.0,SOHC,CRDi,Diesel,D-4D Diesel Engine,BS IV,1015 kg,FWD,Manual,67.05 bhp
1956 cc,4.0,4.0,,,Diesel,2.0L Turbocharged Diesel,BS VI,1900 kg,FWD,Manual,167.67 bhp
796 cc,3.0,4.0,DOHC,MPFi,Petrol,F8D Petrol Engine,BS IV,762 kg,FWD,Manual,47.3 bhp
1248 cc,4.0,4.0,DOHC,CRDi,Diesel,Quadrajet Engine,BS IV,1155 kg,FWD,Manual,88.7 bhp
1956 cc,4.0,4.0,,,Diesel,,BS IV,1525 kg,FWD,Manual,167.68 bhp
1199 cc,3.0,4.0,,,Petrol,1.2L Revotron,BS VI 2.0,,FWD,Manual,86.79 bhp
1199 cc,3.0,4.0,,,Petrol,1.2 l Revotron Engine,BS VI 2.0,,FWD,Manual,86.63 bhp
1497 cc,4.0,4.0,DOHC with VIS,MPi,Petrol,1.5 l MPi petrol,BS VI,1180 kg,,Manual,113.18 bhp
1462 cc,4.0,4.0,,,Petrol,K15C Smart Hybrid,BS VI,1140 kg,,Manual,101.65 bhp
1497 cc,4.0,4.0,DOHC,MPi,Petrol,1.5 L MPi Petrol,BS VI,1450 kg,,Automatic,113.18 bhp
998 cc,3.0,4.0,,,CNG,K10C,BS VI 2.0,,FWD,Manual,55.92 bhp
1499 cc,4.0,4.0,DOHC,Direct Injection,Petrol,Ti-VCT Petrol Engine,BS IV,1200 kg,FWD,Manual,110.4 bhp
1493 cc,4.0,4.0,DOHC,CRDi,Diesel,1.5L U2 CRDi,BS VI 2.0,,FWD,Manual,114 bhp
2393 cc,4.0,4.0,DOHC,CRDi,Diesel,2.4L Diesel Engine,BS VI,1840 kg,RWD,Manual,148 bhp
2494 cc,4.0,4.0,DOHC,CRDI,Diesel,In-Line Engine,Bharat Stage III,1660 kg,,Manual,
796 cc,3.0,4.0,,,Petrol,F8D Petrol Engine,BS VI,757 kg,,Manual,47.33 bhp
1198 cc,3.0,4.0,DOHC,Electronic Injection System,Petrol,Petrol Engine,BS IV,845 kg,FWD,Manual,67.06 bhp
1591 cc,4.0,4.0,DOHC,MPFI,Petrol,VTVT Petrol Engine,,1300 kg,FWD,Manual,121.3 bhp
1199 cc,4.0,4.0,SOHC,MPFi,Petrol,i-VTEC Petrol Engine,BS IV,1084 kg,FWD,Manual,88.7 bhp
1197 cc,4.0,4.0,,,Petrol,K12N,BS VI 2.0,835 kg,FWD,Manual,88.50 bhp
1598 cc,4.0,4.0,DOHC,,Diesel,DDiS 320 Diesel Engine,BS IV,1250 kg,FWD,Manual,118 bhp
1498 cc,4.0,4.0,DOHC,Direct Injection,Diesel,TDI Diesel Engine,BS IV,1142 kg,FWD,Manual,88 bhp
1493 cc,4.0,4.0,DOHC,CRDi,Diesel,1.5L U2 CRDi,BS VI 2.0,,FWD,Automatic,114 bhp
1498 cc,4.0,4.0,,,Petrol,i-VTEC,BS VI 2.0,1259 kg,FWD,Manual,119 bhp
1197 cc,4.0,4.0,DOHC,Direct Injection,Petrol,TSI Petrol Engine,BS IV,1164 kg,FWD,Automatic,103.2 bhp
814 cc,3.0,3.0,SOHC,MPFI,Petrol,Petrol Engine,BSIV,910 kg,FWD,Manual,55.2 bhp
1150 cc,4.0,2.0,SOHC,SEFI,Petrol,In-Line Engine,Bharat Stage III,1075 kg,FWD,Manual,
1248 cc,4.0,4.0,DOHC,CRDI,Diesel,Diesel,BS IV,1100 kg,FWD,Manual,73.9 bhp
995 cc,4.0,2.0,SOHC,SEFI,Petrol,In-Line Engine,Bharat Stage IV,840 kg,FWD,Manual,62 bhp
1199 cc,3.0,4.0,,,Petrol,1.2 L Revotron,BS VI,1190 kg,,Automatic,86.83 bhp
1462 cc,4.0,4.0,,,CNG,K15C,BS VI 2.0,1275 kg,FWD,Manual,86.63 bhp
1591 cc,4.0,4.0,DOHC,MPFi,Petrol,VTVT Petrol Engine,,1300 kg,FWD,Automatic,121.3 bhp
1199 cc,3.0,4.0,,,Petrol,1.2 l Revotron,BS VI 2.0,,FWD,Manual,87 bhp
2179 cc,4.0,4.0,DOHC,Direct Injection,Diesel,mHawk Diesel Engine,BS IV,1860 kg,FWD,Manual,140 bhp
1493 cc,3.0,4.0,,,Diesel,mHAWk100,BS VI,1505 kg,RWD(with MTT),Manual,100 bhp
1248 cc,4.0,4.0,,CRDI,Diesel,DDiS Diesel Engine,BS IV,1050 kg,FWD,Manual,74 bhp
1582 cc,4.0,4.0,DOHC,CRDi,Diesel,U2 CRDI VGT Engine,BS VI,1320 kg,FWD,Automatic,126.2 bhp
1497 cc,4.0,4.0,,,Diesel,1.5L KRYOJET,BS VI 2.0,,FWD,Manual,116 bhp
1199 cc,3.0,4.0,,,Petrol,1.2 L REVOTRON,BS VI 2.0,,FWD,Manual,118 bhp
2143 cc,4.0,4.0,DOHC,CRDi,Diesel,In Line Diesel Engine,BS IV,1570 kg,FWD,Automatic,134.1 bhp
1198 cc,3.0,4.0,DOHC,Electronic Fuel Injection,Petrol,In Line Petrol Engine,BS IV,940 kg,FWD,Manual,75 bhp
1199 cc,3.0,4.0,,,Petrol,1.2l Turbocharged Revotron Engine,BS VI 2.0,1310 kg,,Automatic,118.35 bhp
1199 cc,3.0,4.0,,,Petrol,1.2l Turbocharged Revotron Engine,BS VI,1200 kg,,Manual,118.35 bhp
1997 cc,4.0,4.0,SOHC,PGM-FI (Programmed Fuel Injection),Petrol,i-VTEC Petrol Engine,BS IV,1505 kg,FWD,Automatic,153.86 bhp
999 cc,3.0,4.0,,MPFi,Petrol,1.0L Energy,BS VI 2.0,,FWD,Automatic,71 bhp
1198 cc,3.0,4.0,DOHC,Electronic Injection System,Petrol,Naturally Aspirated 12V,BS VI,886 kg,FWD,Manual,67.05 bhp
796 cc,3.0,4.0,,,Petrol,F8D Petrol Engine,BS VI,762 kg,,Manual,47.33 bhp
998 cc,3.0,4.0,DOHC,,Petrol,K10B Petrol Engine,BS IV,870 kg,FWD,Manual,67.04 bhp
1197 cc,3.0,4.0,DOHC,MPFI,Petrol,1.2 Petrol Engine,BS IV,1435 kg,FWD,Manual,110 bhp
1956 cc,4.0,4.0,,,Diesel,Kryotec 2.0 L Turbocharged Engine,BS VI 2.0,1675 kg,,Manual,167.67 bhp
1199 cc,3.0,4.0,,,Petrol,1.2 L REVOTRON,BS VI 2.0,,FWD,Automatic,118 bhp
1956 cc,4.0,4.0,DOHC,CRDI,Diesel,2.0-Litre 4-Cyl Multijet,BS VI,1537 s kg,4X2,Manual,170 bhp
1197 cc,4.0,4.0,,,Petrol,,,895 kg,,Manual,
1197 cc,4.0,4.0,,,Petrol,1.2 l Kappa petrol,BS VI,1105 kg,,Manual,81.80 bhp
1498 cc,4.0,4.0,SOHC,Direct Injection,Diesel,TDCi Diesel Engine,BS IV,1280 kg,FWD,Manual,98.96 bhp
999 cc,3.0,4.0,DOHC,MPFi,Petrol,Petrol Engine,,690 kg,FWD,Manual,67 bhp
1591 cc,4.0,4.0,DOHC,MPFI,Petrol,VTVT Petrol Engine,BS VI,1300 kg,FWD,Manual,121.3 bhp
1461 cc,4.0,4.0,DOHC,CRDi,Diesel,K9K Diesel Engine,BS IV,1390 kg,FWD,Manual,108.5 bhp
2179 cc,4.0,4.0,DOHC,Direct Injection,Diesel,mHawk Diesel Engine,BS IV,1940 kg,FWD,Manual,140 bhp
1364 cc,4.0,4.0,,,Diesel,,,920 kg,,Manual,
1086 cc,3.0,4.0,SOHC,MPFI+CNG,CNG,Bifuel Engine,BSIV,845 kg,FWD,Manual,62.1 bhp
999 cc,3.0,4.0,DOHC,MPFi,Petrol,1.0L Petrol Engine,BS IV,730 kg,2WD,Manual,67 bhp
1197 cc,4.0,4.0,DOHC,MPFI,Petrol,In-Line Engine,Bharat Stage III,1010 kg,,Manual,
1353 cc,4.0,4.0,DOHC,GDi,Petrol,1.4 L Turbo GDi Petrol,BS VI,1465 kg,,Automatic,138.12 bhp
1086 cc,4.0,3.0,SOHC,MPFI,Petrol,1.1 L Petrol,BS VI,1070 kg,FWD,Automatic,68.05 bhp
1493 cc,3.0,2.0,,CRDi,Diesel,mHawk 100 Diesel Engine,,1725 kg,RWD,Manual,100 bhp
1199 cc,4.0,4.0,SOHC,,Petrol,1.2 i-VTEC,BS VI,1063 kg,,Manual,88.50 bhp
1499 cc,4.0,4.0,,Ti-VCT,Petrol,1.5 L TiVCT,BS IV,1117 kg,2wd,Manual,
1999 cc,4.0,4.0,DOHC,MPFI,Petrol,Nu 2.0 MPi Petrol Engine,,1240 kg,FWD,Manual,149.92 bhp
1197 cc,3.0,4.0,,MPFi,Petrol,TCMPFi,BS VI 2.0,,FWD,Automatic,108.62 bhp
1493 cc,4.0,4.0,DOHC,CRDi,Diesel,1.5 L U2 CRDi Diesel,BS VI 2.0,1430 kg,2WD,Manual,113.98 bhp
1498 cc,4.0,4.0,DOHC,MPFI,Petrol,H4K Petrol Engine,,1110 kg,FWD,Manual,104.5 bhp
1591 cc,4.0,4.0,DOHC,MPFI,Petrol,VTVT Petrol Engine,BSIV,1198 kg,FWD,Manual,121.3 bhp
1199 cc,3.0,4.0,,,Petrol,1.2L Revotron,BS VI 2.0,,FWD,Automatic,85 bhp
1199 cc,3.0,4.0,,,Petrol,1.2 L Revotron,BS VI,,,Manual,84.82 bhp
999 cc,3.0,4.0,DOHC,MPFi,Petrol,Petrol Engine,,750 kg,FWD,Automatic,67 bhp
,,,,,Electric,,ZEV,1235 kg,,Automatic,73.75 bhp
2179 cc,4.0,4.0,DOHC,CRDi,Diesel,mHawk Diesel Engine,BS IV,1645 kg,RWD,Manual,120 bhp
2179 cc,4.0,4.0,,CRDi,Diesel,In-Line Engine,BS III,1940 kg,2 WD,Manual,120 bhp
2523 cc,4.0,4.0,,,Diesel,m2DiCR Engine,BS III,1870 kg,FWD,Manual,75 bhp
1462 cc,4.0,4.0,,,CNG,K15C,BS VI,1250-1255 kg,2WD,Manual,86.63 bhp
2982 cc,4.0,4.0,DOHC,CRDi,Diesel,D-4D Diesel Engine,BS IV,2000 kg,4WD,Automatic,168.5 bhp
1199 cc,3.0,4.0,,,CNG,1.2 L i-CNG,BS VI,1030 kg,,Manual,72 bhp
1199 cc,3.0,4.0,,,CNG,1.2 L i-CNG,BS VI,,,Manual,72 bhp
2499 cc,4.0,0.0,,,Diesel,In-Line Engine,Bharat Stage III,"1,585 kg",2WD,Manual,
2179 cc,4.0,4.0,DOHC,CRDi,Diesel,VTT VARICOR Diesel Engine,BS IV,1570 kg,RWD,Manual,153.86 bhp
,,,,,Electric,,ZEV,1400 kg,,Automatic,127 bhp
2179 cc,4.0,4.0,DOHC,Direct Injection Common Rail,Diesel,VTT VariCOR Diesel Engine,BS IV,2000 kg,FWD,Manual,138.1 bhp
1997 cc,4.0,4.0,,,Petrol,mStallion 150 TGDi Engine,BS VI,1825 kg,4X4,Automatic,150 bhp
1995 cc,4.0,4.0,DOHC,CRDi,Diesel,Diesel Engine,,1500 kg,RWD,Automatic,184 bhp
1984 cc,4.0,4.0,,TSI,Petrol,2.0L Turbocharged Petrol,BS VI 2.0,1579 kg,FWD,Automatic,187.74 bhp
1197 cc,4.0,4.0,,,Petrol,1.2 l Kappa dual petrol,BS VI,1070 kg,,Manual,81.86 bhp
1995 cc,4.0,4.0,,CRDi,Diesel,Diesel Engine,Euro IV,"1,615 kg",RWD,Automatic,218 bhp
1197 cc,4.0,4.0,,,Petrol,1.2 Kappa petrol,BS VI,1100 kg,,Manual,81.86 bhp
1798 cc,4.0,4.0,DOHC,Direct Injection,Petrol,Turbocharged Petrol Engin,BS IV,1533 kg,FWD,Manual,157.8 bhp
1047 cc,3.0,4.0,DOHC,CRDi,Diesel,Revotorq Engine,BS IV,1080 kg,FWD,Manual,69 bhp
796 cc,3.0,4.0,DOHC,MPFi,Petrol,F8D Petrol Engine,BS IV,720 kg,FWD,Manual,47.3 bhp
998 cc,3.0,4.0,DOHC,MPFi,Petrol,K10B Engine,BS IV,825 kg,FWD,Manual,67.04 bhp
1248 cc,4.0,4.0,DOHC,CRDI,Diesel,D13A SHVS Engine,BS IV,1260 kg,FWD,Manual,88.5 bhp
1197 cc,3.0,4.0,,,Petrol,Z12E,BS VI 2.0,920 kg,FWD,Manual,80.46 bhp
1498 cc,4.0,4.0,DOHC,,Petrol,water cooled inline 4 cylinder,BS VI,1280 kg,,Automatic,96.55 bhp
999 cc,3.0,4.0,,,Petrol,1.0L TSI,BS VI 2.0,1210 kg,FWD,Manual,113.98 bhp
999 cc,3.0,4.0,,,Petrol,1.0L TSI,BS VI 2.0,1188 kg,FWD,Manual,113.98 bhp
999 cc,4.0,4.0,SOHC,TSI,Petrol,TSI Petrol Engine,BS VI,1175 kg,FWD,Automatic,108.62 bhp
1197 cc,4.0,4.0,,,Petrol,1.2 Kappa petrol,BS VI,1100 kg,,Automatic,81.86 bhp
1198 cc,3.0,4.0,,MPFI,Petrol,mFALCON G80,BS VI,1170 kg,2WD,Manual,82 bhp
1493 cc,4.0,4.0,,CRDi,Diesel,CRDi VGT,BS VI 2.0,,FWD,Automatic,114.41 bhp
1997 cc,4.0,4.0,,CRDi,Diesel,R 2.0 Diesel,BS VI,1745 kg,2WD,Automatic,183.72 bhp
2393 cc,4.0,4.0,,,Diesel,,BS VI 2.0,,,Manual,147.51 bhp
1493 cc,4.0,4.0,DOHC,Common rail direct injection,Diesel,1.5 l diesel CRDi engine,BS VI,1770 kg,,Automatic,113.42 bhp
1498 cc,4.0,4.0,,,Petrol,1.5L TSI EVO with ACT,BS VI 2.0,1269 kg,FWD,Automatic,147.51 bhp
1498 cc,4.0,4.0,DOHC,CRDi,Diesel,i-DTEC Diesel Engine,BS VI,1029 kg,FWD,Manual,98.63 bhp
1194 cc,3.0,4.0,DOHC,MPFI,Petrol,1.2 litre Petrol Engine,BS VI,1026-1044 kg,FWD,Manual,94.93 bhp
1373 cc,4.0,4.0,DOHC,MPFI,Petrol,k14B VVT Engine,BS IV,1010 kg,FWD,Automatic,91.1 bhp
1197 cc,4.0,4.0,DOHC,,CNG,1.2 Kapa dual VTVT bi-fuel,BS VI,1220 kg,,Manual,65.39 bhp
1997 cc,4.0,4.0,,,Petrol,,,1527 kg,,Manual,
1199 cc,3.0,4.0,DOHC,MPFi,Petrol,Revotron Engine,,1052 kg,FWD,Manual,84 bhp
1498 cc,4.0,4.0,SOHC,Direct Injection,Diesel,TDCi Diesel Engine,BS VI,1309 kg,FWD,Manual,98.96 bhp
1198 cc,4.0,4.0,SOHC,,Petrol,i-VTEC Petrol Engine,BS IV,940 kg,FWD,Manual,86.7 bhp
1197 cc,4.0,4.0,DOHC,MPFI,Petrol,K Series VVT Engine,BS IV,965 kg,FWD,Manual,83.14 bhp
999 cc,3.0,4.0,,,Petrol,1.0 SCe,BS VI,699 kg,,Manual,67.06 bhp
1497 cc,4.0,2.0,iDSI,PGM-FI (Programmed Fuel Injection),Petrol,In-Line Engine,Bharat Stage III,1085 kg,FWD,Automatic,
1198 cc,3.0,4.0,DOHC,MPFI,Petrol,MPI Petrol Engine,BS IV,1049 kg,FWD,Manual,74 bhp
999 cc,3.0,4.0,,,Petrol,1.0 SCe,BS VI 2.0,,FWD,Manual,67.06 bhp
1086 cc,4.0,3.0,SOHC,MPFI,CNG,1.1 L Bi-Fuel,BS VI,1070 kg,FWD,Manual,59.17 bhp
1248 cc,4.0,4.0,DOHC,CRDI,Diesel,DDiS Diesel Engine,,955-990 kg,FWD,Manual,74.02 bhp
1968 cc,4.0,4.0,DOHC,Direct Injection,Diesel,Diesel Engine,BS IV,1395 kg,FWD,Automatic,141 bhp
1968 cc,4.0,4.0,DOHC,common rail system,Diesel,2.0TDI Diesel Engine,BS IV,1395 kg,FWD,Automatic,141 bhp
1582 cc,4.0,4.0,DOHC,CRDi,Diesel,U2 VGT Diesel Engine,BS IV,1285 kg,FWD,Automatic,126.2 bhp
1197 cc,4.0,4.0,,,CNG,1.2 Kappa petrol,BS VI,1100 kg,,Manual,68.05 bhp
1497 cc,4.0,4.0,,,Petrol,1.5L MPi Petrol,BS VI 2.0,,FWD,Manual,113.18 bhp
1497 cc,4.0,4.0,DOHC with VIS,MPi,Petrol,1.5 l MPi petrol,BS VI,1200 kg,,Automatic,113.18 bhp
2694 cc,4.0,4.0,DOHC,MPFi,Petrol,Dual VVTi Petrol Engine,BS IV,2160 kg,RWD,Manual,163.7 bhp
1197 cc,4.0,4.0,,,Petrol,1.2 l Kappa dual petrol,BS VI,1050 kg,,Manual,81.86 bhp
1396 cc,4.0,4.0,DOHC,CRDi,Diesel,U2 CRDI Engine,,1240 kg,FWD,Manual,88.7 bhp
1194 cc,3.0,4.0,,,Petrol,1.2 L Petrol Engine,BS VI,1081-1094 kg,FWD,Automatic,95.48 bhp
1197 cc,4.0,4.0,DOHC,MPFI,Petrol,K12M Petrol Engine,BS VI,830-845 kg,FWD,Automatic,81.80 bhp
1482 cc,4.0,4.0,,,Petrol,1.5L Turbo GDi Petrol,BS VI 2.0,,FWD,Manual,157.57 bhp
1493 cc,4.0,4.0,,CRDi,Diesel,1.5L CRDi VGT,BS VI 2.0,,FWD,Manual,114 bhp
998 cc,3.0,4.0,,GDi,Petrol,Smartstream G1.0 T - GDi,BS VI,1245 kg,FWD,Automatic,118.36 bhp
1582 cc,4.0,4.0,DOHC,CRDi,Diesel,U2 CRDI VGT Engine,BS VI,1300 kg,FWD,Manual,126.2 bhp
1582 cc,4.0,4.0,DOHC,CRDi,Diesel,U2 CRDI VGT Engine,BS VI,1280 kg,FWD,Manual,126.2 bhp
2494 cc,4.0,4.0,DOHC,Common Rail,Diesel,2KD-FTV Diesel Engine,BS III,1675 kg,RWD,Manual,100.6 bhp
1984 cc,4.0,4.0,,,Petrol,2.0 L TFSI,BS VI,1970 kg,AWD,Automatic,245.59 bhp
1397 cc,4.0,4.0,DOHC,GDi,Petrol,1.4 L Turbo GDi Petrol,BS VI 2.0,1465 kg,,Automatic,138.12 bhp
998 cc,3.0,4.0,DOHC with TIS,GDi,Petrol,1.0 l Kappa turbo GDi petrol,BS VI,1260 kg,,Automatic,118.41 bhp
1591 cc,4.0,4.0,,MPFI,Petrol,VTVT Petrol Engine,BSIV,1198 kg,FWD,Automatic,121.4 bhp
2393 cc,4.0,4.0,DOHC,CRDi,Diesel,2.4L Diesel Engine,BS VI 2.0,,RWD,Manual,147.51 bhp
1582 cc,4.0,4.0,DOHC,CRDi,Diesel,U2 VGT Diesel Engine,BS IV,1230 kg,FWD,Manual,126.2 bhp
999 cc,,,,,Petrol,,,,FWD,Automatic,98.63 bhp
1396 cc,4.0,4.0,DOHC,CRDi,Diesel,U2 CRDI Engine,,1200 kg,FWD,Manual,88.7 bhp
1086 cc,4.0,3.0,SOHC,MPFI,Petrol,1.1 L Petrol,BS VI,990 kg,FWD,Manual,68.05 bhp
1497 cc,4.0,4.0,,,Petrol,1.5L MPi Petrol,BS VI 2.0,,FWD,Automatic,113.18 bhp
1332 cc,4.0,4.0,,,Petrol,L4 200,BS VI,1395 kg,,Automatic,160.92 bhp
1493 cc,4.0,4.0,DOHC,CRDi,Diesel,1.5 L U2 CRDi Diesel,BS VI,1430 kg,,Manual,113.98 bhp
1199 cc,4.0,4.0,SOHC,MPFi,Petrol,i-VTEC Petrol Engine,BS IV,985 kg,FWD,Automatic,88.7 bhp
1497 cc,4.0,4.0,,,Diesel,1.5 l Turbocharged Revotorq,BS VI,1187 kg,,Manual,88.77 bhp
1956 cc,4.0,4.0,,,Diesel,Kryotec 2.0 L Turbocharged Engine,BS VI,1675 kg,,Automatic,167.67 bhp
1199 cc,3.0,4.0,,,CNG,1.2 L Revotron,BS VI 2.0,,FWD,Manual,74.46 bhp
1199 cc,3.0,4.0,,,Petrol,1.2 l Revotron Engine,BS VI,1130 kg,,Automatic,86.63 bhp
1199 cc,3.0,4.0,,,Petrol,1.2l Turbocharged Revotron Engine,BS VI 2.0,1230 kg,,Manual,118.35 bhp
1199 cc,3.0,4.0,,,CNG,1.2L Revotron,BS VI 2.0,,FWD,Manual,74.46 bhp
998 cc,3.0,4.0,,,Petrol,1.0 l Turbo GDi petrol,BS VI,1280 kg,,Automatic,118.36 bhp
1497 cc,4.0,4.0,,,Diesel,1.5l Turbocharged Revotorq Engine,BS VI,1395 kg,,Manual,108.49 bhp
1197 cc,4.0,4.0,,,CNG,1.2 l  Bi-Fuel,BS VI 2.0,,FWD,Manual,67.72 bhp
1199 cc,3.0,4.0,,,CNG,1.2L Revotron,BS VI 2.0,,FWD,Manual,74.47 bhp
1582 cc,4.0,4.0,DOHC,CRDi,Diesel,U2 CRDI VGT Engine,,1340 kg,FWD,Automatic,126.2 bhp
1373 cc,4.0,4.0,DOHC,MPFI,Petrol,K14B Petrol Engine,BS IV,1180 kg,FWD,Manual,91.1 bhp
1198 cc,3.0,4.0,DOHC,MPFI,Petrol,mFALCON G80 Engine,BSIV,1175 kg,FWD,Manual,82 bhp
1199 cc,3.0,4.0,,,CNG,1.2L Revotron Engine,BS VI,1030 kg,,Manual,72.40 bhp
1968 cc,4.0,4.0,DOHC,CRDI,Diesel,TDI Quattro Engine,Euro V,1830 kg,AWD,Automatic,174.3 bhp
998 cc,3.0,4.0,,,Petrol,K Series Petrol Engine,BS IV,760 kg,FWD,Manual,67.1 bhp
1497 cc,4.0,4.0,,CRDi,Diesel,D15 1.5 Liter Diesel Engi,BS IV,1650 s kg,FWD,Manual,121 bhp
1197 cc,4.0,4.0,,,Petrol,K Series Dual jet,BS VI,875-905 kg,,Manual,88.50 bhp
2184 cc,4.0,4.0,,,Diesel,mHawk 130 Engine,BS VI,1755 kg,4X4,Automatic,130 bhp
1582 cc,4.0,4.0,DOHC,CRDi,Diesel,U2 VGT Diesel Engine,BS IV,1270 kg,FWD,Manual,126.2 bhp
1462 cc,4.0,4.0,DOHC,MPFI,CNG,K15B,BS VI,1235 kg,FWD,Manual,91.19 bhp
2982 cc,4.0,4.0,DOHC,CRDi,Diesel,D-4D Diesel Engine,BS IV,1880 kg,FWD,Automatic,168.5 bhp
1995 cc,4.0,4.0,DOHC,CRDi,Diesel,sDrive20d Diesel Engine,BS IV,1550 kg,RWD,Automatic,188 bhp
1995 cc,4.0,4.0,DOHC,CRDi,Diesel,Diesel Engine,BS IV,1590 kg,FWD,Automatic,188 bhp
1186 cc,3.0,4.0,DOHC,CRDI,Diesel,1.2L U2 CRDi Diesel,BS IV,1080 kg,FWD,Manual,73.97 bhp
1198 cc,3.0,4.0,DOHC,MPFI,Petrol,In-Line Engine,Bharat Stage IV,1070 kg,Two Wheel Drive,Manual,73.9 bhp
999 cc,3.0,4.0,DOHC,MPFi,Petrol,1.0L Petrol Engine,BS IV,750 kg,2WD,Manual,67 bhp
1197 cc,4.0,4.0,DOHC,MPFI,Petrol,DOHC Kappa2 Engine,BSIV,1100 kg,FWD,Manual,78.9 bhp
1199 cc,3.0,4.0,,,Petrol,1.2 L Revotron,BS VI,1100 kg,,Manual,84.82 bhp
1186 cc,3.0,4.0,DOHC,CRDI,Diesel,U2 CRDI Diesel Engine,,1100 kg,FWD,Manual,73.97 bhp
1497 cc,4.0,4.0,SOHC,PGM-Fi,Petrol,i VTEC Engine,BS IV,1063 kg,FWD,Manual,117.6 bhp
1199 cc,4.0,4.0,SOHC,,Petrol,i-VTEC,BS VI,907-934 kg,,Manual,88.50 bhp
1591 cc,4.0,4.0,DOHC,MPFI,Petrol,VTVT Petrol Engine,,1260 kg,FWD,Manual,121.3 bhp
1956 cc,4.0,4.0,DOHC,CRDI,Diesel,2.0-Litre 4-Cyl Multijet,,1551 s kg,4X2,Manual,170.63 bhp
1462 cc,4.0,4.0,,,Petrol,K15B,BS VI 2.0,1145-1290 kg,FWD,Manual,101.64 bhp
1984 cc,4.0,4.0,,Direct Injection,Petrol,2.0 TSI,BS VI,1703 kg,AWD,Automatic,187.74 bhp
1198 cc,3.0,4.0,DOHC,EFI,Petrol,Naturally Aspirated 12V D,BS IV,882 kg,FWD,Manual,67 bhp
1498 cc,4.0,4.0,DOHC,CRDi,Diesel,i-DTEC Diesel Engine,BS IV,1065 kg,FWD,Manual,98.6 bhp
998 cc,3.0,4.0,,MPFI,Petrol,K Series Petrol Engine,BS IV,870 kg,FWD,Manual,67.1 bhp
1461 cc,4.0,2.0,SOHC,Common Rail,Diesel,In-Line Diesel Engine,Bharat Stage IV,1008 kg,Two Whhel Drive,Manual,63.1 bhp
1120 cc,3.0,4.0,DOHC,CRDI,Diesel,U2 CRDI Diesel Engine,BS IV,1100 kg,FWD,Manual,71 bhp
1248 cc,4.0,4.0,,CRDI,Diesel,DDiS Diesel Engine,BS IV,1080 kg,FWD,Manual,74 bhp
1798 cc,4.0,4.0,DOHC,EFI(Electronic Fuel Injection),Petrol,DOHC Dual VVT-i Petrol En,BS IV,1340 kg,FWD,Manual,138.1 bhp
1591 cc,4.0,4.0,DOHC,MPFI,Petrol,VTVT Petrol Engine,BS VI,"1,300 kg",FWD,Manual,121.3 bhp
1496 cc,4.0,4.0,DOHC,EFI(Electronic Fuel Injection),Petrol,Petrol Engine,,920 kg,,Manual,88.73 bhp
1248 cc,4.0,4.0,,,Diesel,DDiS Diesel Engine,BS VI,945 kg,,Manual,74.02 bhp
1248 cc,4.0,4.0,DOHC,CRDI,Diesel,DDiS Diesel Engine,BS IV,1045 kg,FWD,Manual,74 bhp
1199 cc,4.0,4.0,SOHC,MPFi,Petrol,i-VTEC Petrol Engine,BS IV,921 kg,FWD,Manual,88.76 bhp
1591 cc,4.0,4.0,DOHC,MPFI,Petrol,VTVT Petrol Engine,BS IV,,FWD,Manual,121.3 bhp
1248 cc,4.0,4.0,DOHC,CRDI,Diesel,DDiS Diesel Engine,BS IV,1055 kg,FWD,Manual,74 bhp
1396 cc,4.0,4.0,DOHC,CRDI,Diesel,U2 CRDI Diesel Engine,BS IV,1120 kg,FWD,Manual,88.76 bhp
1498 cc,4.0,4.0,DOHC,Direct Injection,Diesel,i DTEC Diesel Engine,BS IV,1125 kg,FWD,Manual,98.6 bhp
1956 cc,4.0,4.0,DOHC,CRDI,Diesel,2.0-Litre 4-Cyl Multijet,BS IV,1551 s kg,4X2,Manual,170 bhp
1956 cc,4.0,4.0,DOHC,,Diesel,2.0-Litre 4-Cyl Multijet,BS IV,1562 s kg,4X2,Manual,170 bhp
1451 cc,4.0,4.0,,,Petrol,1.5 L Turbocharged Intercooled,BS VI 2.0,,FWD,Automatic,141.04 bhp
2694 cc,4.0,4.0,DOHC,Direct Injection,Petrol,2.7L Petrol Engine,BS VI 2.0,,2WD,Manual,163.60 bhp
